date,bank_account,customer_id,account_code,type,amount,organisation,forecast
2018-01-02 00:00:00,244,11329,Supplier payment,SPEND,-6.8095,999,0
2018-01-02 00:00:00,244,11354,Supplier payment,SPEND,-195.26,999,0
2018-01-02 00:00:00,244,11281,Supplier payment,SPEND,-408.035,999,0
2018-01-02 00:00:00,244,11319,Supplier payment,SPEND,-524.179,999,0
2018-01-02 00:00:00,244,10663,Customer payment,RECEIVE,21325.31725,999,0
2018-01-02 00:00:00,244,10671,Customer payment,RECEIVE,1543.4,999,0
2018-01-04 00:00:00,244,12421,Supplier payment,SPEND,-2.668,999,0
2018-01-04 00:00:00,244,11484,Supplier payment,SPEND,-6686.0675,999,0
2018-01-04 00:00:00,244,10676,Customer payment,RECEIVE,1131.875,999,0
2018-01-03 00:00:00,244,10703,Customer payment,RECEIVE,1281.45,999,0
2018-01-03 00:00:00,244,10537,Customer payment,RECEIVE,798.02925,999,0
2018-01-03 00:00:00,244,12334,Supplier payment,SPEND,-2.244,999,0
2018-01-05 00:00:00,244,11262,Supplier payment,SPEND,-100,999,0
2018-01-05 00:00:00,244,12379,Supplier payment,SPEND,-389.725,999,0
2018-01-05 00:00:00,244,10972,Supplier payment,SPEND,-30.74,999,0
2018-01-05 00:00:00,244,11726,Supplier payment,SPEND,-13.2565,999,0
2018-01-05 00:00:00,244,11732,Supplier payment,SPEND,-11.874,999,0
2018-01-05 00:00:00,244,11148,Supplier payment,SPEND,-15.6515,999,0
2018-01-05 00:00:00,244,11820,Supplier payment,SPEND,-207.012,999,0
2018-01-05 00:00:00,244,11713,Supplier payment,SPEND,-38.167,999,0
2018-01-05 00:00:00,244,11011,Supplier payment,SPEND,-11.6185,999,0
2018-01-05 00:00:00,244,10972,Supplier payment,SPEND,-18.5245,999,0
2018-01-05 00:00:00,244,11856,Supplier payment,SPEND,-13,999,0
2018-01-05 00:00:00,244,11798,Supplier payment,SPEND,-6.55,999,0
2018-01-05 00:00:00,244,11410,Supplier payment,SPEND,-62.135,999,0
2018-01-05 00:00:00,244,11870,Supplier payment,SPEND,-3.267,999,0
2018-01-05 00:00:00,244,11806,Supplier payment,SPEND,-10.5,999,0
2018-01-05 00:00:00,244,11770,Supplier payment,SPEND,-10,999,0
2018-01-08 00:00:00,244,10648,Customer payment,RECEIVE,8.7725,999,0
2018-01-08 00:00:00,244,11897,Supplier payment,SPEND,-40.2,999,0
2018-01-08 00:00:00,244,10704,Customer payment,RECEIVE,12.455,999,0
2018-01-08 00:00:00,244,10705,Customer payment,RECEIVE,53.4625,999,0
2018-01-08 00:00:00,244,11707,Supplier payment,SPEND,-47.432,999,0
2018-01-08 00:00:00,244,11344,Supplier payment,SPEND,-11.326,999,0
2018-01-10 00:00:00,244,10661,Customer payment,RECEIVE,752.03,999,0
2018-01-10 00:00:00,244,10661,Customer payment,RECEIVE,5396,999,0
2018-01-10 00:00:00,244,10661,Customer payment,RECEIVE,83.4375,999,0
2018-01-10 00:00:00,244,10708,Customer payment,RECEIVE,2.0675,999,0
2018-01-09 00:00:00,244,11801,Supplier payment,SPEND,-12.1,999,0
2018-01-09 00:00:00,244,10700,Customer payment,RECEIVE,114.68,999,0
2018-01-09 00:00:00,244,10701,Customer payment,RECEIVE,105.1975,999,0
2018-01-09 00:00:00,244,11142,Supplier payment,SPEND,-323.965,999,0
2018-01-09 00:00:00,244,11198,Supplier payment,SPEND,-3927.6505,999,0
2018-01-09 00:00:00,244,11401,Supplier payment,SPEND,-389.62,999,0
2018-01-09 00:00:00,244,11710,Supplier payment,SPEND,-1815,999,0
2018-01-09 00:00:00,244,11410,Supplier payment,SPEND,-14.3595,999,0
2018-01-09 00:00:00,244,11410,Supplier payment,SPEND,-124.747,999,0
2018-01-09 00:00:00,244,11469,Supplier payment,SPEND,-27.417,999,0
2018-01-09 00:00:00,244,11680,Supplier payment,SPEND,-178.782,999,0
2018-01-09 00:00:00,244,11472,Supplier payment,SPEND,-307.1495,999,0
2018-01-09 00:00:00,244,11709,Supplier payment,SPEND,-147.7045,999,0
2018-01-09 00:00:00,244,11820,Supplier payment,SPEND,-200.087,999,0
2018-01-09 00:00:00,244,11849,Supplier payment,SPEND,-955.2605,999,0
2018-01-09 00:00:00,244,11417,Supplier payment,SPEND,-13.4545,999,0
2018-01-11 00:00:00,244,10706,Customer payment,RECEIVE,120.7575,999,0
2018-01-11 00:00:00,244,10706,Customer payment,RECEIVE,120.7575,999,0
2018-01-11 00:00:00,244,10698,Customer payment,RECEIVE,245.1725,999,0
2018-01-11 00:00:00,244,10702,Customer payment,RECEIVE,275.12,999,0
2018-01-11 00:00:00,244,12334,Supplier payment,SPEND,-2.0965,999,0
2018-01-11 00:00:00,244,12321,Supplier payment,SPEND,-1070.408,999,0
2018-01-11 00:00:00,244,12437,Supplier payment,SPEND,-1.5125,999,0
2018-01-11 00:00:00,244,12403,Supplier payment,SPEND,-453.3635,999,0
2018-01-11 00:00:00,244,12413,Supplier payment,SPEND,-12.5695,999,0
2018-01-11 00:00:00,244,11453,Supplier payment,SPEND,-7.465,999,0
2018-01-11 00:00:00,244,11400,Supplier payment,SPEND,-48.9,999,0
2018-01-11 00:00:00,244,11719,Supplier payment,SPEND,-5,999,0
2018-01-11 00:00:00,244,11299,Supplier payment,SPEND,-48.7025,999,0
2018-01-11 00:00:00,244,11434,Supplier payment,SPEND,-9,999,0
2018-01-11 00:00:00,244,11312,Supplier payment,SPEND,-60.765,999,0
2018-01-11 00:00:00,244,11565,Supplier payment,SPEND,-17,999,0
2018-01-11 00:00:00,244,11560,Supplier payment,SPEND,-3.6,999,0
2018-01-11 00:00:00,244,11490,Supplier payment,SPEND,-108.9,999,0
2018-01-11 00:00:00,244,11520,Supplier payment,SPEND,-2.1,999,0
2018-01-11 00:00:00,244,11540,Supplier payment,SPEND,-3.5,999,0
2018-01-11 00:00:00,244,11811,Supplier payment,SPEND,-1.8,999,0
2018-01-11 00:00:00,244,11746,Supplier payment,SPEND,-10,999,0
2018-01-11 00:00:00,244,11644,Supplier payment,SPEND,-1.1375,999,0
2018-01-11 00:00:00,244,11616,Supplier payment,SPEND,-0.3,999,0
2018-01-11 00:00:00,244,11707,Supplier payment,SPEND,-47.432,999,0
2018-01-11 00:00:00,244,11705,Supplier payment,SPEND,-1.6335,999,0
2018-01-11 00:00:00,244,11726,Supplier payment,SPEND,-2.414,999,0
2018-01-11 00:00:00,244,11819,Supplier payment,SPEND,-10,999,0
2018-01-11 00:00:00,244,11674,Supplier payment,SPEND,-47.759,999,0
2018-01-11 00:00:00,244,11591,Supplier payment,SPEND,-23.15,999,0
2018-01-11 00:00:00,244,11842,Supplier payment,SPEND,-23.2765,999,0
2018-01-11 00:00:00,244,11862,Supplier payment,SPEND,-18.2,999,0
2018-01-11 00:00:00,244,11856,Supplier payment,SPEND,-11,999,0
2018-01-12 00:00:00,244,10706,Customer payment,SPEND,-24.3335,999,0
2018-01-12 00:00:00,244,11899,Supplier payment,SPEND,-7.8,999,0
2018-01-12 00:00:00,244,11900,Supplier payment,SPEND,-12.5,999,0
2018-01-12 00:00:00,244,11264,Supplier payment,SPEND,-3.279,999,0
2018-01-12 00:00:00,244,11264,Supplier payment,SPEND,-7.816,999,0
2018-01-12 00:00:00,244,11423,Supplier payment,SPEND,-5.6265,999,0
2018-01-12 00:00:00,244,11423,Supplier payment,SPEND,-3.9325,999,0
2018-01-16 00:00:00,244,10671,Customer payment,RECEIVE,4511.25,999,0
2018-01-16 00:00:00,244,11514,Supplier payment,SPEND,-1527.189,999,0
2018-01-16 00:00:00,244,11148,Supplier payment,SPEND,-22.141,999,0
2018-01-18 00:00:00,244,12397,Supplier payment,SPEND,-70.1735,999,0
2018-01-18 00:00:00,244,10327,Customer payment,RECEIVE,4642.59,999,0
2018-01-18 00:00:00,244,11417,Supplier payment,SPEND,-75.032,999,0
2018-01-18 00:00:00,244,11810,Supplier payment,SPEND,-6.3,999,0
2018-01-18 00:00:00,244,11806,Supplier payment,SPEND,-2.1,999,0
2018-01-18 00:00:00,244,11803,Supplier payment,SPEND,-28.4645,999,0
2018-01-18 00:00:00,244,11798,Supplier payment,SPEND,-10.7,999,0
2018-01-15 00:00:00,244,11901,Supplier payment,SPEND,-118.2165,999,0
2018-01-15 00:00:00,244,11222,Supplier payment,SPEND,-8.8755,999,0
2018-01-15 00:00:00,244,11222,Supplier payment,SPEND,-4.355,999,0
2018-01-15 00:00:00,244,10954,Supplier payment,SPEND,-12.7655,999,0
2018-01-15 00:00:00,244,10672,Customer payment,RECEIVE,2721.25,999,0
2018-01-15 00:00:00,244,10666,Customer payment,RECEIVE,809.4125,999,0
2018-01-15 00:00:00,244,10694,Customer payment,RECEIVE,127.05,999,0
2018-01-15 00:00:00,244,11877,Supplier payment,SPEND,-81.4025,999,0
2018-01-17 00:00:00,244,12455,Supplier payment,SPEND,-77.066,999,0
2018-01-17 00:00:00,244,11385,Supplier payment,RECEIVE,31.5,999,0
2018-01-17 00:00:00,244,11262,Supplier payment,SPEND,-100,999,0
2018-01-22 00:00:00,244,10587,Customer payment,RECEIVE,32.75,999,0
2018-01-24 00:00:00,244,12353,Supplier payment,SPEND,-0.775,999,0
2018-01-24 00:00:00,244,12449,Supplier payment,RECEIVE,894.865,999,0
2018-01-23 00:00:00,244,10671,Customer payment,RECEIVE,4318.5,999,0
2018-01-23 00:00:00,244,11417,Supplier payment,SPEND,-34.6845,999,0
2018-01-23 00:00:00,244,11423,Supplier payment,SPEND,-5.1125,999,0
2018-01-23 00:00:00,244,11423,Supplier payment,SPEND,-2.1175,999,0
2018-01-25 00:00:00,244,10968,Supplier payment,SPEND,-12,999,0
2018-01-25 00:00:00,244,10968,Supplier payment,SPEND,-12,999,0
2018-01-25 00:00:00,244,10661,Customer payment,RECEIVE,4437.5,999,0
2018-01-25 00:00:00,244,11682,Supplier payment,SPEND,-10.702,999,0
2018-01-25 00:00:00,244,11713,Supplier payment,SPEND,-13.8,999,0
2018-01-25 00:00:00,244,11713,Supplier payment,SPEND,-5.716,999,0
2018-01-25 00:00:00,244,11842,Supplier payment,SPEND,-13.8605,999,0
2018-01-25 00:00:00,244,11875,Supplier payment,SPEND,-35.857,999,0
2018-01-25 00:00:00,244,12277,Supplier payment,SPEND,-28.64,999,0
2018-01-25 00:00:00,244,11774,Supplier payment,SPEND,-744.486,999,0
2018-01-26 00:00:00,244,10661,Customer payment,RECEIVE,2038.5,999,0
2018-01-26 00:00:00,244,10677,Customer payment,RECEIVE,2094.25,999,0
2018-01-26 00:00:00,244,11617,Supplier payment,SPEND,-18.513,999,0
2018-01-29 00:00:00,244,12284,Supplier payment,SPEND,-0.0995,999,0
2018-01-29 00:00:00,244,11329,Supplier payment,SPEND,-29.3285,999,0
2018-01-29 00:00:00,244,11281,Supplier payment,SPEND,-56.084,999,0
2018-01-29 00:00:00,244,11354,Supplier payment,SPEND,-109.0845,999,0
2018-01-29 00:00:00,244,11319,Supplier payment,SPEND,-562.9665,999,0
2018-01-29 00:00:00,244,11259,Supplier payment,SPEND,-949.652,999,0
2018-01-29 00:00:00,244,12412,Supplier payment,SPEND,-2.8915,999,0
2018-01-29 00:00:00,244,10671,Customer payment,RECEIVE,3594.5,999,0
2018-01-29 00:00:00,244,10671,Customer payment,RECEIVE,1496.125,999,0
2018-01-30 00:00:00,244,10591,Customer payment,RECEIVE,50.82,999,0
2018-01-30 00:00:00,244,10591,Customer payment,RECEIVE,236.875,999,0
2018-01-30 00:00:00,244,10661,Customer payment,RECEIVE,2872.7,999,0
2018-01-30 00:00:00,244,11516,Supplier payment,SPEND,-24.7745,999,0
2018-01-30 00:00:00,244,10701,Customer payment,RECEIVE,241.025,999,0
2018-01-30 00:00:00,244,10700,Customer payment,RECEIVE,246.225,999,0
2018-01-30 00:00:00,244,11726,Supplier payment,SPEND,-16.5825,999,0
2018-01-30 00:00:00,244,11810,Supplier payment,SPEND,-12.9,999,0
2018-01-30 00:00:00,244,11806,Supplier payment,SPEND,-0.4,999,0
2018-01-30 00:00:00,244,11632,Supplier payment,SPEND,-1.75,999,0
2018-01-30 00:00:00,244,11842,Supplier payment,SPEND,-2.5,999,0
2018-01-30 00:00:00,244,11798,Supplier payment,SPEND,-4.5,999,0
2018-01-30 00:00:00,244,11011,Supplier payment,SPEND,-10.8015,999,0
2018-01-30 00:00:00,244,11148,Supplier payment,SPEND,-23.8265,999,0
2018-01-30 00:00:00,244,11732,Supplier payment,SPEND,-12.5705,999,0
2018-01-30 00:00:00,244,11062,Supplier payment,SPEND,-29.14,999,0
2018-01-30 00:00:00,244,10972,Supplier payment,SPEND,-17.1375,999,0
2018-01-30 00:00:00,244,11856,Supplier payment,SPEND,-17.3,999,0
2018-01-30 00:00:00,244,11448,Supplier payment,SPEND,-75.7885,999,0
2018-01-31 00:00:00,244,11222,Supplier payment,SPEND,-3.9575,999,0
2018-01-31 00:00:00,244,10964,Supplier payment,SPEND,-0.1525,999,0
2018-01-31 00:00:00,244,10704,Customer payment,RECEIVE,28.605,999,0
2018-01-31 00:00:00,244,10705,Customer payment,RECEIVE,85.03,999,0
2018-02-01 00:00:00,244,10698,Customer payment,RECEIVE,22.03,999,0
2018-02-01 00:00:00,244,10702,Customer payment,RECEIVE,437.44,999,0
2018-02-01 00:00:00,244,10706,Customer payment,RECEIVE,64.135,999,0
2018-02-01 00:00:00,244,10661,Customer payment,RECEIVE,146.25,999,0
2018-02-01 00:00:00,244,10661,Customer payment,RECEIVE,16.25,999,0
2018-02-01 00:00:00,244,11904,Supplier payment,SPEND,-254.1,999,0
2018-02-01 00:00:00,244,11262,Supplier payment,SPEND,-500,999,0
2018-02-01 00:00:00,244,11484,Supplier payment,SPEND,-937.5,999,0
2018-02-01 00:00:00,244,10567,Customer payment,RECEIVE,337.585,999,0
2018-02-02 00:00:00,244,10663,Customer payment,RECEIVE,27236.055,999,0
2018-02-02 00:00:00,244,10537,Customer payment,RECEIVE,5176.33625,999,0
2018-02-05 00:00:00,244,10703,Customer payment,RECEIVE,468.0375,999,0
2018-02-05 00:00:00,244,11364,Supplier payment,SPEND,-4.145,999,0
2018-02-05 00:00:00,244,11047,Supplier payment,SPEND,-25,999,0
2018-02-05 00:00:00,244,11484,Supplier payment,SPEND,-3333.1928125,999,0
2018-02-05 00:00:00,244,10537,Customer payment,RECEIVE,806.739375,999,0
2018-02-05 00:00:00,244,11417,Supplier payment,SPEND,-7.97,999,0
2018-02-05 00:00:00,244,11423,Supplier payment,SPEND,-6.8075,999,0
2018-02-06 00:00:00,244,10661,Customer payment,RECEIVE,9.7125,999,0
2018-02-06 00:00:00,244,11344,Supplier payment,SPEND,-39.085,999,0
2018-02-06 00:00:00,244,11842,Supplier payment,SPEND,-50.8375,999,0
2018-02-06 00:00:00,244,11774,Supplier payment,SPEND,-614.6703125,999,0
2018-02-06 00:00:00,244,11346,Supplier payment,SPEND,-35,999,0
2018-02-06 00:00:00,244,11896,Supplier payment,SPEND,-12,999,0
2018-02-06 00:00:00,244,11841,Supplier payment,SPEND,-133.705,999,0
2018-02-06 00:00:00,244,12453,Supplier payment,SPEND,-83.3525,999,0
2018-02-06 00:00:00,244,11410,Supplier payment,SPEND,-107.19,999,0
2018-02-06 00:00:00,244,11410,Supplier payment,SPEND,-287.25,999,0
2018-02-06 00:00:00,244,11410,Supplier payment,SPEND,-457.36,999,0
2018-02-07 00:00:00,244,12379,Supplier payment,SPEND,-1516.5525,999,0
2018-02-08 00:00:00,244,12421,Supplier payment,SPEND,-14.795,999,0
2018-02-08 00:00:00,244,10327,Customer payment,RECEIVE,583.8365625,999,0
2018-02-08 00:00:00,244,11829,Supplier payment,SPEND,-93.9275,999,0
2018-02-09 00:00:00,244,11801,Supplier payment,SPEND,-60.5,999,0
2018-02-09 00:00:00,244,11519,Supplier payment,SPEND,-35,999,0
2018-02-13 00:00:00,244,11901,Supplier payment,SPEND,-591.0825,999,0
2018-02-13 00:00:00,244,10648,Customer payment,RECEIVE,8.7725,999,0
2018-02-13 00:00:00,244,10967,Supplier payment,SPEND,-437.0725,999,0
2018-02-13 00:00:00,244,11410,Supplier payment,SPEND,-16.98,999,0
2018-02-13 00:00:00,244,11410,Supplier payment,SPEND,-605.1175,999,0
2018-02-13 00:00:00,244,11931,Supplier payment,SPEND,-903.87,999,0
2018-02-13 00:00:00,244,11540,Supplier payment,SPEND,-25,999,0
2018-02-13 00:00:00,244,11544,Supplier payment,SPEND,-72.6,999,0
2018-02-13 00:00:00,244,11543,Supplier payment,SPEND,-89.1875,999,0
2018-02-13 00:00:00,244,12277,Supplier payment,SPEND,-66.85,999,0
2018-02-13 00:00:00,244,11472,Supplier payment,SPEND,-2471.3275,999,0
2018-02-13 00:00:00,244,11732,Supplier payment,SPEND,-19.805,999,0
2018-02-13 00:00:00,244,11638,Supplier payment,SPEND,-48.0975,999,0
2018-02-13 00:00:00,244,11615,Supplier payment,SPEND,-54.25,999,0
2018-02-13 00:00:00,244,11929,Supplier payment,SPEND,-33.7425,999,0
2018-02-13 00:00:00,244,11259,Supplier payment,SPEND,-55.2,999,0
2018-02-13 00:00:00,244,11410,Supplier payment,SPEND,-312.01,999,0
2018-02-13 00:00:00,244,11623,Supplier payment,SPEND,-30,999,0
2018-02-14 00:00:00,244,11088,Supplier payment,SPEND,-0.6075,999,0
2018-02-14 00:00:00,244,11514,Supplier payment,SPEND,-810.905,999,0
2018-02-14 00:00:00,244,10637,Customer payment,RECEIVE,8.7725,999,0
2018-02-15 00:00:00,244,11222,Supplier payment,SPEND,-19.435,999,0
2018-02-15 00:00:00,244,11222,Supplier payment,SPEND,-15.5625,999,0
2018-02-15 00:00:00,244,10954,Supplier payment,SPEND,-64.9375,999,0
2018-02-15 00:00:00,244,10537,Customer payment,RECEIVE,900.19,999,0
2018-02-19 00:00:00,244,12455,Supplier payment,SPEND,-373.745,999,0
2018-02-19 00:00:00,244,10672,Customer payment,RECEIVE,424.5625,999,0
2018-02-20 00:00:00,244,11262,Supplier payment,SPEND,-500,999,0
2018-02-20 00:00:00,244,11198,Supplier payment,SPEND,-1184.4409375,999,0
2018-02-21 00:00:00,244,12449,Supplier payment,RECEIVE,1605.55,999,0
2018-02-23 00:00:00,244,11293,Supplier payment,SPEND,-38.98,999,0
2018-02-23 00:00:00,244,11803,Supplier payment,SPEND,-282.1575,999,0
2018-02-23 00:00:00,244,11148,Supplier payment,SPEND,-107.0175,999,0
2018-02-23 00:00:00,244,11842,Supplier payment,SPEND,-94.0525,999,0
2018-02-23 00:00:00,244,11469,Supplier payment,SPEND,-132.9975,999,0
2018-02-23 00:00:00,244,12413,Supplier payment,SPEND,-26.9075,999,0
2018-02-23 00:00:00,244,11918,Supplier payment,SPEND,-31.7625,999,0
2018-02-23 00:00:00,244,11856,Supplier payment,SPEND,-4,999,0
2018-02-23 00:00:00,244,11798,Supplier payment,SPEND,-11.5,999,0
2018-02-23 00:00:00,244,11417,Supplier payment,SPEND,-4.955,999,0
2018-02-22 00:00:00,244,10591,Customer payment,RECEIVE,236.875,999,0
2018-02-22 00:00:00,244,10591,Customer payment,RECEIVE,50.82,999,0
2018-02-22 00:00:00,244,10567,Customer payment,RECEIVE,332.2875,999,0
2018-02-27 00:00:00,244,12284,Supplier payment,SPEND,-0.4975,999,0
2018-02-27 00:00:00,244,11259,Supplier payment,SPEND,-908.4359375,999,0
2018-02-27 00:00:00,244,12397,Supplier payment,SPEND,-1216.05,999,0
2018-02-27 00:00:00,244,11330,Supplier payment,SPEND,-105.875,999,0
2018-02-27 00:00:00,244,11254,Supplier payment,SPEND,-340.3125,999,0
2018-02-27 00:00:00,244,11401,Supplier payment,SPEND,-132.09,999,0
2018-02-27 00:00:00,244,10849,Supplier payment,SPEND,-171.5,999,0
2018-02-27 00:00:00,244,11293,Supplier payment,SPEND,-9.075,999,0
2018-02-27 00:00:00,244,11916,Supplier payment,SPEND,-192.6675,999,0
2018-02-27 00:00:00,244,11829,Supplier payment,SPEND,-20.8725,999,0
2018-02-27 00:00:00,244,12332,Supplier payment,SPEND,-9.075,999,0
2018-02-27 00:00:00,244,11540,Supplier payment,SPEND,-40,999,0
2018-02-27 00:00:00,244,12321,Supplier payment,SPEND,-122.7575,999,0
2018-02-27 00:00:00,244,12277,Supplier payment,SPEND,-306.5975,999,0
2018-02-27 00:00:00,244,11434,Supplier payment,SPEND,-39,999,0
2018-02-27 00:00:00,244,11262,Supplier payment,SPEND,-500,999,0
2018-02-27 00:00:00,244,11726,Supplier payment,SPEND,-66.0675,999,0
2018-02-27 00:00:00,244,11691,Supplier payment,SPEND,-185.5,999,0
2018-02-27 00:00:00,244,11632,Supplier payment,SPEND,-103.25,999,0
2018-02-27 00:00:00,244,11615,Supplier payment,SPEND,-38.5,999,0
2018-02-27 00:00:00,244,11842,Supplier payment,SPEND,-37.0025,999,0
2018-02-27 00:00:00,244,11917,Supplier payment,SPEND,-388.4875,999,0
2018-02-27 00:00:00,244,11898,Supplier payment,SPEND,-1190.6021875,999,0
2018-02-27 00:00:00,244,11417,Supplier payment,SPEND,-4.6,999,0
2018-02-27 00:00:00,244,11417,Supplier payment,SPEND,-6.0175,999,0
2018-02-27 00:00:00,244,11417,Supplier payment,SPEND,-109.38,999,0
2018-02-26 00:00:00,244,12353,Supplier payment,SPEND,-3.875,999,0
2018-02-28 00:00:00,244,11281,Supplier payment,SPEND,-1449.1325,999,0
2018-03-02 00:00:00,244,11329,Supplier payment,SPEND,-44.8305555555556,999,0
2018-03-02 00:00:00,244,11354,Supplier payment,SPEND,-107.538611111111,999,0
2018-03-02 00:00:00,244,11319,Supplier payment,SPEND,-198.026111111111,999,0
2018-03-02 00:00:00,244,10676,Customer payment,RECEIVE,16.7708333333333,999,0
2018-03-02 00:00:00,244,11484,Supplier payment,SPEND,-277.506388888889,999,0
2018-03-02 00:00:00,244,10587,Customer payment,RECEIVE,4.18472222222222,999,0
2018-03-05 00:00:00,244,12384,Supplier payment,SPEND,-7.77777777777778,999,0
2018-03-05 00:00:00,244,12421,Supplier payment,SPEND,-1.58777777777778,999,0
2018-03-05 00:00:00,244,10694,Customer payment,RECEIVE,224.070152777778,999,0
2018-03-05 00:00:00,244,10694,Customer payment,RECEIVE,55.1575138888889,999,0
2018-03-05 00:00:00,244,10704,Customer payment,RECEIVE,3.53720833333333,999,0
2018-03-05 00:00:00,244,10705,Customer payment,RECEIVE,6.83131944444444,999,0
2018-03-05 00:00:00,244,11417,Supplier payment,SPEND,-5.11222222222222,999,0
2018-03-05 00:00:00,244,11417,Supplier payment,SPEND,-3.14611111111111,999,0
2018-03-05 00:00:00,244,11423,Supplier payment,SPEND,-2.05027777777778,999,0
2018-03-06 00:00:00,244,10661,Customer payment,RECEIVE,321.041666666667,999,0
2018-03-07 00:00:00,244,11801,Supplier payment,SPEND,-7.20972222222222,999,0
2018-03-07 00:00:00,244,12397,Supplier payment,SPEND,-105.12,999,0
2018-03-07 00:00:00,244,10703,Customer payment,RECEIVE,60.8925,999,0
2018-03-07 00:00:00,244,10671,Customer payment,RECEIVE,523.601388888889,999,0
2018-03-07 00:00:00,244,10671,Customer payment,RECEIVE,198.129027777778,999,0
2018-03-07 00:00:00,244,11514,Supplier payment,SPEND,-636.436666666667,999,0
2018-03-07 00:00:00,244,10637,Customer payment,RECEIVE,1.12093055555556,999,0
2018-03-08 00:00:00,244,10706,Customer payment,RECEIVE,4.61884722222222,999,0
2018-03-08 00:00:00,244,10698,Customer payment,RECEIVE,19.3382083333333,999,0
2018-03-08 00:00:00,244,10702,Customer payment,RECEIVE,145.769208333333,999,0
2018-03-08 00:00:00,244,10663,Customer payment,RECEIVE,29071.1119125,999,0
2018-03-08 00:00:00,244,11774,Supplier payment,SPEND,-611.881944444444,999,0
2018-03-08 00:00:00,244,11011,Supplier payment,SPEND,-30.9636111111111,999,0
2018-03-08 00:00:00,244,11148,Supplier payment,SPEND,-22.1311111111111,999,0
2018-03-08 00:00:00,244,10972,Supplier payment,SPEND,-9.39722222222222,999,0
2018-03-09 00:00:00,244,11262,Supplier payment,SPEND,-55.5555555555556,999,0
2018-03-09 00:00:00,244,11713,Supplier payment,SPEND,-18.5277777777778,999,0
2018-03-09 00:00:00,244,11713,Supplier payment,SPEND,-14.9586111111111,999,0
2018-03-09 00:00:00,244,11806,Supplier payment,SPEND,-13.5972222222222,999,0
2018-03-09 00:00:00,244,10849,Supplier payment,SPEND,-1.80555555555556,999,0
2018-03-09 00:00:00,244,11632,Supplier payment,SPEND,-7.19444444444444,999,0
2018-03-09 00:00:00,244,11798,Supplier payment,SPEND,-11.9861111111111,999,0
2018-03-09 00:00:00,244,11856,Supplier payment,SPEND,-23.4027777777778,999,0
2018-03-09 00:00:00,244,11638,Supplier payment,SPEND,-6.27888888888889,999,0
2018-03-09 00:00:00,244,11842,Supplier payment,SPEND,-8.16277777777778,999,0
2018-03-09 00:00:00,244,12379,Supplier payment,SPEND,-104.7725,999,0
2018-03-12 00:00:00,244,11921,Supplier payment,SPEND,-14.4477777777778,999,0
2018-03-12 00:00:00,244,11683,Supplier payment,SPEND,-14.0961111111111,999,0
2018-03-14 00:00:00,244,11901,Supplier payment,SPEND,-65.6758333333333,999,0
2018-03-14 00:00:00,244,10537,Customer payment,RECEIVE,1040.03061111111,999,0
2018-03-13 00:00:00,244,10327,Customer payment,RECEIVE,559.251069444444,999,0
2018-03-13 00:00:00,244,10661,Customer payment,RECEIVE,722.551388888889,999,0
2018-03-13 00:00:00,244,10537,Customer payment,RECEIVE,271.996306944444,999,0
2018-03-16 00:00:00,244,10954,Supplier payment,SPEND,-25.8247222222222,999,0
2018-03-16 00:00:00,244,10592,Customer payment,RECEIVE,6.66073611111111,999,0
2018-03-16 00:00:00,244,10666,Customer payment,RECEIVE,104.986694444444,999,0
2018-03-16 00:00:00,244,10700,Customer payment,RECEIVE,17.3330555555556,999,0
2018-03-19 00:00:00,244,12455,Supplier payment,SPEND,-43.6863888888889,999,0
2018-03-19 00:00:00,244,10672,Customer payment,RECEIVE,729.259722222222,999,0
2018-03-19 00:00:00,244,10648,Customer payment,RECEIVE,1.12093055555556,999,0
2018-03-19 00:00:00,244,12388,Supplier payment,SPEND,-3.96611111111111,999,0
2018-03-19 00:00:00,244,11922,Supplier payment,SPEND,-0.583333333333333,999,0
2018-03-19 00:00:00,244,11469,Supplier payment,SPEND,-14.7916666666667,999,0
2018-03-19 00:00:00,244,11514,Supplier payment,SPEND,-527.678888888889,999,0
2018-03-19 00:00:00,244,11160,Supplier payment,SPEND,-79.3363888888889,999,0
2018-03-19 00:00:00,244,11615,Supplier payment,SPEND,-17.6944444444444,999,0
2018-03-19 00:00:00,244,11915,Supplier payment,SPEND,-5.75,999,0
2018-03-19 00:00:00,244,11262,Supplier payment,SPEND,-55.5555555555556,999,0
2018-03-20 00:00:00,244,10661,Customer payment,RECEIVE,83.5347222222222,999,0
2018-03-20 00:00:00,244,10567,Customer payment,RECEIVE,36.9635555555555,999,0
2018-03-21 00:00:00,244,12449,Supplier payment,RECEIVE,168.240847222222,999,0
2018-03-22 00:00:00,244,10215,Customer payment,RECEIVE,5.68195833333333,999,0
2018-03-22 00:00:00,244,10701,Customer payment,RECEIVE,12.7576527777778,999,0
2018-03-22 00:00:00,244,11806,Supplier payment,SPEND,-0.347222222222222,999,0
2018-03-22 00:00:00,244,12403,Supplier payment,SPEND,-672.5825,999,0
2018-03-22 00:00:00,244,11856,Supplier payment,SPEND,-9.26388888888889,999,0
2018-03-22 00:00:00,244,11798,Supplier payment,SPEND,-3.95833333333333,999,0
2018-03-22 00:00:00,244,11148,Supplier payment,SPEND,-25.8080555555556,999,0
2018-03-22 00:00:00,244,11325,Supplier payment,SPEND,-13.4166666666667,999,0
2018-03-23 00:00:00,244,11939,Supplier payment,SPEND,-6.13888888888889,999,0
2018-03-23 00:00:00,244,12413,Supplier payment,SPEND,-10.9927777777778,999,0
2018-03-23 00:00:00,244,10666,Customer payment,RECEIVE,105.251194444444,999,0
2018-03-27 00:00:00,244,12284,Supplier payment,SPEND,-0.055277777777778,999,0
2018-03-27 00:00:00,244,11259,Supplier payment,SPEND,-501.379444444445,999,0
2018-03-27 00:00:00,244,12379,Supplier payment,SPEND,-102.608611111111,999,0
2018-03-27 00:00:00,244,11849,Supplier payment,SPEND,-282.919166666667,999,0
2018-03-26 00:00:00,244,10694,Customer payment,RECEIVE,99.2216805555556,999,0
2018-03-26 00:00:00,244,12353,Supplier payment,SPEND,-0.435555555555555,999,0
2018-03-26 00:00:00,244,11964,Supplier payment,SPEND,-3.10833333333333,999,0
2018-03-26 00:00:00,244,11962,Supplier payment,SPEND,-11.7675,999,0
2018-03-26 00:00:00,244,12403,Supplier payment,SPEND,-112.029166666667,999,0
2018-03-26 00:00:00,244,11198,Supplier payment,SPEND,-1016.28611111111,999,0
2018-03-26 00:00:00,244,11375,Supplier payment,SPEND,-2.22222222222222,999,0
2018-03-26 00:00:00,244,10591,Customer payment,RECEIVE,30.2673611111111,999,0
2018-03-28 00:00:00,244,10679,Customer payment,RECEIVE,12872.594,999,0
2018-03-28 00:00:00,244,11281,Supplier payment,SPEND,-55.6183333333333,999,0
2018-03-28 00:00:00,244,11774,Supplier payment,SPEND,-893.294722222222,999,0
2018-03-29 00:00:00,244,11222,Supplier payment,SPEND,-2.2275,999,0
2018-03-29 00:00:00,244,11515,Supplier payment,SPEND,-28.5488888888889,999,0
2018-03-29 00:00:00,244,11519,Supplier payment,SPEND,-12.9166666666667,999,0
2018-03-29 00:00:00,244,11262,Supplier payment,SPEND,-55.5555555555556,999,0
2018-03-29 00:00:00,244,10537,Customer payment,RECEIVE,399.764916666667,999,0
2018-03-29 00:00:00,244,11485,Supplier payment,SPEND,-11.2791666666667,999,0
2018-04-04 00:00:00,244,10666,Customer payment,RECEIVE,5.47353333333333,999,0
2018-04-04 00:00:00,244,12384,Supplier payment,SPEND,-11.87225,999,0
2018-04-04 00:00:00,244,10637,Customer payment,RECEIVE,0.87725,999,0
2018-04-04 00:00:00,244,10708,Customer payment,RECEIVE,0.1035,999,0
2018-04-04 00:00:00,244,10671,Customer payment,RECEIVE,85.9416666666667,999,0
2018-04-03 00:00:00,244,11354,Supplier payment,SPEND,-62.55,999,0
2018-04-03 00:00:00,244,11329,Supplier payment,SPEND,-73.6655,999,0
2018-04-03 00:00:00,244,11319,Supplier payment,SPEND,-254.9485,999,0
2018-04-03 00:00:00,244,11198,Supplier payment,SPEND,-762.556,999,0
2018-04-03 00:00:00,244,11400,Supplier payment,RECEIVE,11.625,999,0
2018-04-03 00:00:00,244,10705,Customer payment,RECEIVE,1.11175,999,0
2018-04-03 00:00:00,244,10704,Customer payment,RECEIVE,9.828,999,0
2018-04-03 00:00:00,244,11968,Supplier payment,SPEND,-42.375,999,0
2018-04-03 00:00:00,244,10699,Customer payment,RECEIVE,0.10875,999,0
2018-04-03 00:00:00,244,10700,Customer payment,RECEIVE,4.6635,999,0
2018-04-03 00:00:00,244,10701,Customer payment,RECEIVE,7.06475,999,0
2018-04-06 00:00:00,244,10663,Customer payment,RECEIVE,13116.1083333333,999,0
2018-04-06 00:00:00,244,12310,Supplier payment,SPEND,-1096.81425,999,0
2018-04-06 00:00:00,244,11713,Supplier payment,SPEND,-7.4205,999,0
2018-04-06 00:00:00,244,11148,Supplier payment,SPEND,-10.87025,999,0
2018-04-05 00:00:00,244,12421,Supplier payment,SPEND,-1.442,999,0
2018-04-05 00:00:00,244,10671,Customer payment,RECEIVE,17.81,999,0
2018-04-05 00:00:00,244,10706,Customer payment,RECEIVE,5.73025,999,0
2018-04-05 00:00:00,244,10698,Customer payment,RECEIVE,8.51825,999,0
2018-04-05 00:00:00,244,10703,Customer payment,RECEIVE,32.3735,999,0
2018-04-05 00:00:00,244,10702,Customer payment,RECEIVE,5.2923,999,0
2018-04-05 00:00:00,244,11615,Supplier payment,SPEND,-6.475,999,0
2018-04-05 00:00:00,244,11856,Supplier payment,SPEND,-7.25,999,0
2018-04-05 00:00:00,244,11062,Supplier payment,SPEND,-9.60375,999,0
2018-04-05 00:00:00,244,10972,Supplier payment,SPEND,-7.8205,999,0
2018-04-05 00:00:00,244,11138,Supplier payment,SPEND,-2.14775,999,0
2018-04-05 00:00:00,244,10972,Supplier payment,SPEND,-7.544,999,0
2018-04-05 00:00:00,244,11484,Supplier payment,SPEND,-2824.48,999,0
2018-04-05 00:00:00,244,11917,Supplier payment,SPEND,-21.0095,999,0
2018-04-05 00:00:00,244,11632,Supplier payment,SPEND,-12.25,999,0
2018-04-05 00:00:00,244,11732,Supplier payment,SPEND,-8.63175,999,0
2018-04-05 00:00:00,244,11842,Supplier payment,SPEND,-4.316,999,0
2018-04-05 00:00:00,244,11798,Supplier payment,SPEND,-7.325,999,0
2018-04-09 00:00:00,244,10648,Customer payment,RECEIVE,0.87725,999,0
2018-04-09 00:00:00,244,11262,Supplier payment,SPEND,-50,999,0
2018-04-09 00:00:00,244,11762,Supplier payment,SPEND,-15.5,999,0
2018-04-09 00:00:00,244,11972,Supplier payment,SPEND,-48.1605,999,0
2018-04-10 00:00:00,244,11801,Supplier payment,SPEND,-6.13325,999,0
2018-04-10 00:00:00,244,11514,Supplier payment,SPEND,-448.39825,999,0
2018-04-10 00:00:00,244,12403,Supplier payment,SPEND,-259.1495,999,0
2018-04-10 00:00:00,244,12018,Supplier payment,SPEND,-22.67325,999,0
2018-04-11 00:00:00,244,11344,Supplier payment,SPEND,-1.97625,999,0
2018-04-11 00:00:00,244,11615,Supplier payment,SPEND,-4.9,999,0
2018-04-11 00:00:00,244,11018,Supplier payment,SPEND,-258.18975,999,0
2018-04-11 00:00:00,244,12448,Supplier payment,SPEND,-10.573,999,0
2018-04-11 00:00:00,244,11820,Supplier payment,SPEND,-21.618,999,0
2018-04-11 00:00:00,244,11803,Supplier payment,SPEND,-13.8355,999,0
2018-04-11 00:00:00,244,11469,Supplier payment,SPEND,-13.22325,999,0
2018-04-11 00:00:00,244,12413,Supplier payment,SPEND,-1396.53025,999,0
2018-04-12 00:00:00,244,10591,Customer payment,RECEIVE,3.993,999,0
2018-04-12 00:00:00,244,10676,Customer payment,RECEIVE,35.05,999,0
2018-04-12 00:00:00,244,10327,Customer payment,RECEIVE,28.5837666666667,999,0
2018-04-12 00:00:00,244,11137,Supplier payment,SPEND,-0.75,999,0
2018-04-13 00:00:00,244,10679,Customer payment,RECEIVE,12.3248666666667,999,0
2018-04-13 00:00:00,244,11901,Supplier payment,SPEND,-59.10825,999,0
2018-04-13 00:00:00,244,12384,Supplier payment,SPEND,-16.79125,999,0
2018-04-13 00:00:00,244,11936,Supplier payment,SPEND,-7.8,999,0
2018-04-13 00:00:00,244,11318,Supplier payment,SPEND,-1.975,999,0
2018-04-13 00:00:00,244,11933,Supplier payment,SPEND,-8.31225,999,0
2018-04-13 00:00:00,244,11198,Supplier payment,RECEIVE,60.9027333333333,999,0
2018-04-17 00:00:00,244,10954,Supplier payment,SPEND,-6.32225,999,0
2018-04-17 00:00:00,244,12455,Supplier payment,SPEND,-44.534,999,0
2018-04-17 00:00:00,244,10675,Customer payment,RECEIVE,95.506,999,0
2018-04-17 00:00:00,244,11931,Supplier payment,RECEIVE,36.45125,999,0
2018-04-17 00:00:00,244,11137,Supplier payment,SPEND,-0.75,999,0
2018-04-17 00:00:00,244,12019,Supplier payment,SPEND,-10.59625,999,0
2018-04-17 00:00:00,244,12300,Supplier payment,SPEND,-4.30025,999,0
2018-04-17 00:00:00,244,11137,Supplier payment,RECEIVE,0.15,999,0
2018-04-19 00:00:00,244,11933,Supplier payment,RECEIVE,8.31225,999,0
2018-04-19 00:00:00,244,11262,Supplier payment,SPEND,-50,999,0
2018-04-19 00:00:00,244,11856,Supplier payment,SPEND,-9.0375,999,0
2018-04-19 00:00:00,244,10567,Customer payment,RECEIVE,30.001,999,0
2018-04-19 00:00:00,244,12277,Supplier payment,SPEND,-26.159,999,0
2018-04-18 00:00:00,244,12449,Supplier payment,RECEIVE,4.28573333333333,999,0
2018-04-18 00:00:00,244,11198,Supplier payment,SPEND,-914.6575,999,0
2018-04-18 00:00:00,244,11148,Supplier payment,SPEND,-13.7365,999,0
2018-04-20 00:00:00,244,11947,Supplier payment,SPEND,-1.05,999,0
2018-04-20 00:00:00,244,11958,Supplier payment,SPEND,-0.675,999,0
2018-04-20 00:00:00,244,11798,Supplier payment,SPEND,-10.7,999,0
2018-04-20 00:00:00,244,12303,Supplier payment,SPEND,-2827.52475,999,0
2018-04-27 00:00:00,244,12284,Supplier payment,SPEND,-0.04975,999,0
2018-04-27 00:00:00,244,11259,Supplier payment,SPEND,-746.89175,999,0
2018-04-23 00:00:00,244,12412,Supplier payment,SPEND,-1.44575,999,0
2018-04-23 00:00:00,244,11954,Supplier payment,RECEIVE,3.075,999,0
2018-04-23 00:00:00,244,10672,Customer payment,RECEIVE,40.28,999,0
2018-04-24 00:00:00,244,10675,Customer payment,RECEIVE,27.8666666666667,999,0
2018-04-25 00:00:00,244,11517,Supplier payment,SPEND,-1.4,999,0
2018-04-26 00:00:00,244,10661,Customer payment,RECEIVE,9.61666666666667,999,0
2018-04-26 00:00:00,244,12353,Supplier payment,RECEIVE,0.75475,999,0
2018-04-26 00:00:00,244,11262,Supplier payment,SPEND,-50,999,0
2018-04-26 00:00:00,244,12016,Supplier payment,SPEND,-102.47,999,0
2018-04-26 00:00:00,244,12046,Supplier payment,SPEND,-13.0275,999,0
2018-04-26 00:00:00,244,12047,Supplier payment,SPEND,-2.57475,999,0
2018-04-26 00:00:00,244,12022,Supplier payment,SPEND,-3.5125,999,0
2018-04-26 00:00:00,244,12046,Supplier payment,SPEND,-3.2845,999,0
2018-04-26 00:00:00,244,12046,Supplier payment,SPEND,-1.64225,999,0
2018-04-26 00:00:00,244,10591,Customer payment,RECEIVE,11.7875,999,0
2018-04-30 00:00:00,244,11329,Supplier payment,SPEND,-58.53575,999,0
2018-04-30 00:00:00,244,11281,Supplier payment,SPEND,-22.2735,999,0
2018-04-30 00:00:00,244,11354,Supplier payment,SPEND,-121.312,999,0
2018-04-30 00:00:00,244,11319,Supplier payment,SPEND,-364.25,999,0
2018-04-30 00:00:00,244,10694,Customer payment,RECEIVE,8.21186666666667,999,0
2018-04-30 00:00:00,244,11222,Supplier payment,SPEND,-18.00875,999,0
2018-04-30 00:00:00,244,12016,Supplier payment,SPEND,-14.31,999,0
2018-05-02 00:00:00,244,11856,Supplier payment,SPEND,-25.075,999,0
2018-05-02 00:00:00,244,11615,Supplier payment,SPEND,-56.7,999,0
2018-05-02 00:00:00,244,11372,Supplier payment,SPEND,-37.4995,999,0
2018-05-02 00:00:00,244,11148,Supplier payment,SPEND,-37.599,999,0
2018-05-02 00:00:00,244,11974,Supplier payment,SPEND,-1.35,999,0
2018-05-02 00:00:00,244,11262,Supplier payment,SPEND,-100,999,0
2018-05-02 00:00:00,244,10972,Supplier payment,SPEND,-31.5965,999,0
2018-05-02 00:00:00,244,10972,Supplier payment,SPEND,-15.464,999,0
2018-05-02 00:00:00,244,11713,Supplier payment,SPEND,-51.125,999,0
2018-05-02 00:00:00,244,11632,Supplier payment,SPEND,-24.5,999,0
2018-05-02 00:00:00,244,11011,Supplier payment,SPEND,-27.729,999,0
2018-05-02 00:00:00,244,11957,Supplier payment,SPEND,-8.25,999,0
2018-05-02 00:00:00,244,10701,Customer payment,RECEIVE,154.1,999,0
2018-05-02 00:00:00,244,10327,Customer payment,RECEIVE,233.791125,999,0
2018-05-03 00:00:00,244,12421,Supplier payment,SPEND,-2.716,999,0
2018-05-03 00:00:00,244,11942,Supplier payment,SPEND,-6.68,999,0
2018-05-03 00:00:00,244,11969,Supplier payment,SPEND,-324.609,999,0
2018-05-03 00:00:00,244,11982,Supplier payment,SPEND,-1.95,999,0
2018-05-03 00:00:00,244,11941,Supplier payment,SPEND,-3.388,999,0
2018-05-03 00:00:00,244,11842,Supplier payment,SPEND,-74.6755,999,0
2018-05-03 00:00:00,244,11917,Supplier payment,SPEND,-44.706,999,0
2018-05-03 00:00:00,244,11934,Supplier payment,SPEND,-17.574,999,0
2018-05-03 00:00:00,244,11187,Supplier payment,SPEND,-445,999,0
2018-05-03 00:00:00,244,11965,Supplier payment,SPEND,-13.169,999,0
2018-05-03 00:00:00,244,11798,Supplier payment,SPEND,-18.35,999,0
2018-05-03 00:00:00,244,12379,Supplier payment,SPEND,-180.0865,999,0
2018-05-03 00:00:00,244,11954,Supplier payment,SPEND,-8.25,999,0
2018-05-03 00:00:00,244,11989,Supplier payment,SPEND,-1.8,999,0
2018-05-03 00:00:00,244,11680,Supplier payment,SPEND,-4875.043,999,0
2018-05-03 00:00:00,244,11707,Supplier payment,SPEND,-7.0005,999,0
2018-05-03 00:00:00,244,12403,Supplier payment,SPEND,-473.671,999,0
2018-05-03 00:00:00,244,11975,Supplier payment,SPEND,-3.9,999,0
2018-05-03 00:00:00,244,12321,Supplier payment,SPEND,-41.7315,999,0
2018-05-03 00:00:00,244,12413,Supplier payment,SPEND,-10.63,999,0
2018-05-03 00:00:00,244,11334,Supplier payment,SPEND,-10.1735,999,0
2018-05-04 00:00:00,244,10663,Customer payment,RECEIVE,11758.11425,999,0
2018-05-04 00:00:00,244,10705,Customer payment,RECEIVE,11.115,999,0
2018-05-04 00:00:00,244,10704,Customer payment,RECEIVE,22.365,999,0
2018-05-04 00:00:00,244,11481,Supplier payment,SPEND,-7.3775,999,0
2018-05-04 00:00:00,244,12018,Supplier payment,SPEND,-22.847,999,0
2018-05-04 00:00:00,244,11794,Supplier payment,SPEND,-108.537,999,0
2018-05-04 00:00:00,244,11484,Supplier payment,SPEND,-5689.689,999,0
2018-05-04 00:00:00,244,11774,Supplier payment,SPEND,-1522.338,999,0
2018-05-04 00:00:00,244,11514,Supplier payment,SPEND,-929.49,999,0
2018-05-04 00:00:00,244,12026,Supplier payment,SPEND,-1.3145,999,0
2018-05-04 00:00:00,244,10699,Customer payment,RECEIVE,1.085,999,0
2018-05-04 00:00:00,244,10700,Customer payment,RECEIVE,64.2975,999,0
2018-05-04 00:00:00,244,10537,Customer payment,RECEIVE,600.932,999,0
2018-05-04 00:00:00,244,10661,Customer payment,RECEIVE,276.875,999,0
2018-05-07 00:00:00,244,10703,Customer payment,RECEIVE,137.4625,999,0
2018-05-07 00:00:00,244,10648,Customer payment,RECEIVE,8.7725,999,0
2018-05-07 00:00:00,244,11796,Supplier payment,SPEND,-18.15,999,0
2018-05-07 00:00:00,244,12023,Supplier payment,SPEND,-6.9,999,0
2018-05-07 00:00:00,244,11796,Supplier payment,SPEND,-6.4955,999,0
2018-05-07 00:00:00,244,11334,Supplier payment,SPEND,-40.3945,999,0
2018-05-07 00:00:00,244,11428,Supplier payment,SPEND,-46.212,999,0
2018-05-07 00:00:00,244,12310,Supplier payment,SPEND,-2167.8225,999,0
2018-05-07 00:00:00,244,11359,Supplier payment,SPEND,-31.412,999,0
2018-05-07 00:00:00,244,11198,Supplier payment,SPEND,-2.5,999,0
2018-05-07 00:00:00,244,12011,Supplier payment,SPEND,-4.35,999,0
2018-05-07 00:00:00,244,11955,Supplier payment,SPEND,-6.6,999,0
2018-05-08 00:00:00,244,11801,Supplier payment,SPEND,-13.446,999,0
2018-05-08 00:00:00,244,10698,Customer payment,RECEIVE,46.145,999,0
2018-05-08 00:00:00,244,10706,Customer payment,RECEIVE,89.075,999,0
2018-05-08 00:00:00,244,11972,Supplier payment,SPEND,-130.72,999,0
2018-05-08 00:00:00,244,11198,Supplier payment,RECEIVE,12.5,999,0
2018-05-08 00:00:00,244,11318,Supplier payment,SPEND,-11.7475,999,0
2018-05-08 00:00:00,244,11528,Supplier payment,SPEND,-2.395,999,0
2018-05-09 00:00:00,244,11262,Supplier payment,SPEND,-250,999,0
2018-05-09 00:00:00,244,11998,Supplier payment,SPEND,-16.676,999,0
2018-05-10 00:00:00,244,10537,Customer payment,RECEIVE,1425.73275,999,0
2018-05-11 00:00:00,244,10678,Customer payment,RECEIVE,125.5375,999,0
2018-05-11 00:00:00,244,10676,Customer payment,RECEIVE,93.6375,999,0
2018-05-14 00:00:00,244,10954,Supplier payment,SPEND,-23.0675,999,0
2018-05-14 00:00:00,244,10702,Customer payment,RECEIVE,892.205,999,0
2018-05-14 00:00:00,244,10672,Customer payment,RECEIVE,116.65,999,0
2018-05-14 00:00:00,244,11198,Supplier payment,SPEND,-5,999,0
2018-05-14 00:00:00,244,12005,Supplier payment,SPEND,-5,999,0
2018-05-14 00:00:00,244,11091,Supplier payment,SPEND,-9.0225,999,0
2018-05-16 00:00:00,244,12455,Supplier payment,SPEND,-116.7735,999,0
2018-05-16 00:00:00,244,12449,Supplier payment,RECEIVE,578.565,999,0
2018-05-16 00:00:00,244,10661,Customer payment,RECEIVE,889.75,999,0
2018-05-15 00:00:00,244,11901,Supplier payment,SPEND,-118.2165,999,0
2018-05-15 00:00:00,244,12397,Supplier payment,SPEND,-250.2645,999,0
2018-05-15 00:00:00,244,11198,Supplier payment,SPEND,-2639.6725,999,0
2018-05-21 00:00:00,244,11148,Supplier payment,SPEND,-15.45,999,0
2018-05-21 00:00:00,244,11856,Supplier payment,SPEND,-17.55,999,0
2018-05-21 00:00:00,244,11615,Supplier payment,SPEND,-11.55,999,0
2018-05-21 00:00:00,244,11396,Supplier payment,SPEND,-21.4,999,0
2018-05-21 00:00:00,244,11148,Supplier payment,SPEND,-24.9755,999,0
2018-05-21 00:00:00,244,12014,Supplier payment,SPEND,-2.2405,999,0
2018-05-21 00:00:00,244,11584,Supplier payment,SPEND,-10.363,999,0
2018-05-18 00:00:00,244,12018,Supplier payment,SPEND,-22.847,999,0
2018-05-22 00:00:00,244,11954,Supplier payment,RECEIVE,28.5,999,0
2018-05-22 00:00:00,244,11709,Supplier payment,RECEIVE,325.61,999,0
2018-05-23 00:00:00,244,11344,Supplier payment,SPEND,-4.5915,999,0
2018-05-23 00:00:00,244,11965,Supplier payment,SPEND,-5.1,999,0
2018-05-23 00:00:00,244,11198,Supplier payment,SPEND,-3866.105,999,0
2018-05-23 00:00:00,244,11732,Supplier payment,SPEND,-7.4495,999,0
2018-05-23 00:00:00,244,11842,Supplier payment,SPEND,-10.888,999,0
2018-05-23 00:00:00,244,11469,Supplier payment,SPEND,-27.7995,999,0
2018-05-23 00:00:00,244,11965,Supplier payment,SPEND,-36.2165,999,0
2018-05-23 00:00:00,244,11885,Supplier payment,SPEND,-959.1975,999,0
2018-05-23 00:00:00,244,11921,Supplier payment,SPEND,-26.609,999,0
2018-05-23 00:00:00,244,11685,Supplier payment,SPEND,-9.7775,999,0
2018-05-24 00:00:00,244,10666,Customer payment,RECEIVE,799.3925,999,0
2018-05-24 00:00:00,244,12354,Supplier payment,SPEND,-0.775,999,0
2018-05-24 00:00:00,244,10567,Customer payment,RECEIVE,300.06,999,0
2018-05-24 00:00:00,244,12051,Supplier payment,SPEND,-19.35,999,0
2018-05-24 00:00:00,244,11713,Supplier payment,SPEND,-47.5215,999,0
2018-05-24 00:00:00,244,11849,Supplier payment,SPEND,-68.611,999,0
2018-05-24 00:00:00,244,12032,Supplier payment,SPEND,-2.85,999,0
2018-05-24 00:00:00,244,11390,Supplier payment,SPEND,-5.145,999,0
2018-05-25 00:00:00,244,11293,Supplier payment,SPEND,-2.6675,999,0
2018-05-25 00:00:00,244,11400,Supplier payment,SPEND,-32.85,999,0
2018-05-25 00:00:00,244,11965,Supplier payment,SPEND,-23.663,999,0
2018-05-28 00:00:00,244,12284,Supplier payment,SPEND,-0.533,999,0
2018-05-28 00:00:00,244,12056,Supplier payment,SPEND,-61.8005,999,0
2018-05-28 00:00:00,244,11089,Supplier payment,SPEND,-169.672,999,0
2018-05-28 00:00:00,244,11259,Supplier payment,SPEND,-434.027,999,0
2018-05-28 00:00:00,244,11680,Supplier payment,SPEND,-510.7715,999,0
2018-05-28 00:00:00,244,11262,Supplier payment,SPEND,-250,999,0
2018-05-28 00:00:00,244,11520,Supplier payment,SPEND,-31.15,999,0
2018-05-28 00:00:00,244,12007,Supplier payment,SPEND,-6.534,999,0
2018-05-28 00:00:00,244,12036,Supplier payment,SPEND,-5.4,999,0
2018-05-28 00:00:00,244,12379,Supplier payment,SPEND,-166.2405,999,0
2018-05-29 00:00:00,244,12427,Supplier payment,SPEND,-12.5,999,0
2018-05-29 00:00:00,244,12427,Supplier payment,SPEND,-62.768,999,0
2018-05-29 00:00:00,244,11329,Supplier payment,SPEND,-130.127,999,0
2018-05-29 00:00:00,244,11354,Supplier payment,SPEND,-244.0805,999,0
2018-05-29 00:00:00,244,11319,Supplier payment,SPEND,-1438.8065,999,0
2018-05-31 00:00:00,244,10954,Supplier payment,SPEND,-58.08,999,0
2018-05-31 00:00:00,244,11222,Supplier payment,SPEND,-1.4145,999,0
2018-05-31 00:00:00,244,11222,Supplier payment,SPEND,-1.1865,999,0
2018-05-31 00:00:00,244,10591,Customer payment,RECEIVE,220.5,999,0
2018-05-31 00:00:00,244,10637,Customer payment,RECEIVE,8.7725,999,0
2018-05-31 00:00:00,244,10675,Customer payment,RECEIVE,108.1375,999,0
2018-05-31 00:00:00,244,10705,Customer payment,RECEIVE,5.5625,999,0
2018-05-31 00:00:00,244,10704,Customer payment,RECEIVE,22.385,999,0
2018-05-31 00:00:00,244,10537,Customer payment,RECEIVE,1509.32825,999,0
2018-06-05 00:00:00,244,10703,Customer payment,RECEIVE,77.1025,999,0
2018-06-05 00:00:00,244,11954,Supplier payment,RECEIVE,44.25,999,0
2018-06-05 00:00:00,244,11632,Supplier payment,RECEIVE,75,999,0
2018-06-05 00:00:00,244,11954,Supplier payment,SPEND,-8.85,999,0
2018-06-07 00:00:00,244,10676,Customer payment,RECEIVE,3593.125,999,0
2018-06-07 00:00:00,244,10327,Customer payment,RECEIVE,4193.525,999,0
2018-06-07 00:00:00,244,11972,Supplier payment,SPEND,-144.48,999,0
2018-06-06 00:00:00,244,12065,Supplier payment,SPEND,-12.798,999,0
2018-06-06 00:00:00,244,10661,Customer payment,RECEIVE,5461.25,999,0
2018-06-04 00:00:00,244,11198,Supplier payment,SPEND,-213.6375,999,0
2018-06-04 00:00:00,244,11198,Supplier payment,SPEND,-52.196,999,0
2018-06-04 00:00:00,244,10676,Customer payment,RECEIVE,6040,999,0
2018-06-08 00:00:00,244,11801,Supplier payment,SPEND,-14.4445,999,0
2018-06-08 00:00:00,244,12421,Supplier payment,SPEND,-2.8915,999,0
2018-06-08 00:00:00,244,10663,Customer payment,RECEIVE,17221.372,999,0
2018-06-08 00:00:00,244,11262,Supplier payment,SPEND,-250,999,0
2018-06-08 00:00:00,244,11871,Supplier payment,SPEND,-549.6425,999,0
2018-06-08 00:00:00,244,11043,Supplier payment,SPEND,-6.875,999,0
2018-06-01 00:00:00,244,10702,Customer payment,RECEIVE,348.5,999,0
2018-06-01 00:00:00,244,10706,Customer payment,RECEIVE,74.885,999,0
2018-06-01 00:00:00,244,10698,Customer payment,RECEIVE,98.4775,999,0
2018-06-01 00:00:00,244,10663,Customer payment,RECEIVE,21257.007,999,0
2018-06-01 00:00:00,244,10671,Customer payment,RECEIVE,248.5,999,0
2018-06-01 00:00:00,244,10671,Customer payment,RECEIVE,6610,999,0
2018-06-01 00:00:00,244,12384,Supplier payment,SPEND,-25.2925,999,0
2018-06-01 00:00:00,244,10700,Customer payment,RECEIVE,40,999,0
2018-06-01 00:00:00,244,10701,Customer payment,RECEIVE,76.9,999,0
2018-06-01 00:00:00,244,11345,Supplier payment,SPEND,-1788.161,999,0
2018-06-01 00:00:00,244,11998,Supplier payment,SPEND,-8.3495,999,0
2018-06-01 00:00:00,244,12008,Supplier payment,SPEND,-10.05,999,0
2018-06-01 00:00:00,244,11998,Supplier payment,SPEND,-6.893,999,0
2018-06-01 00:00:00,244,12403,Supplier payment,SPEND,-446.7365,999,0
2018-06-01 00:00:00,244,10972,Supplier payment,SPEND,-14.0575,999,0
2018-06-01 00:00:00,244,11148,Supplier payment,SPEND,-21.011,999,0
2018-06-01 00:00:00,244,11062,Supplier payment,SPEND,-21.309,999,0
2018-06-01 00:00:00,244,11798,Supplier payment,SPEND,-12.1,999,0
2018-06-01 00:00:00,244,11842,Supplier payment,SPEND,-13.7935,999,0
2018-06-01 00:00:00,244,11856,Supplier payment,SPEND,-14.625,999,0
2018-06-01 00:00:00,244,11957,Supplier payment,SPEND,-5,999,0
2018-06-11 00:00:00,244,10694,Customer payment,RECEIVE,1958.6875,999,0
2018-06-11 00:00:00,244,10671,Customer payment,RECEIVE,15,999,0
2018-06-11 00:00:00,244,10648,Customer payment,RECEIVE,8.7725,999,0
2018-06-11 00:00:00,244,10666,Customer payment,RECEIVE,702.265,999,0
2018-06-12 00:00:00,244,11774,Supplier payment,SPEND,-2236.436,999,0
2018-06-12 00:00:00,244,11091,Supplier payment,SPEND,-1.22,999,0
2018-06-12 00:00:00,244,11514,Supplier payment,SPEND,-933.9655,999,0
2018-06-12 00:00:00,244,11976,Supplier payment,SPEND,-2.1,999,0
2018-06-12 00:00:00,244,11517,Supplier payment,SPEND,-2.4,999,0
2018-06-13 00:00:00,244,11901,Supplier payment,SPEND,-118.2165,999,0
2018-06-13 00:00:00,244,10661,Customer payment,RECEIVE,328.75,999,0
2018-06-13 00:00:00,244,10661,Customer payment,RECEIVE,2047.5,999,0
2018-06-13 00:00:00,244,11198,Supplier payment,SPEND,-2982.0225,999,0
2018-06-14 00:00:00,244,10954,Supplier payment,SPEND,-28.869,999,0
2018-06-14 00:00:00,244,11939,Supplier payment,SPEND,-4.46,999,0
2018-06-14 00:00:00,244,11471,Supplier payment,SPEND,-8.92,999,0
2018-06-14 00:00:00,244,12059,Supplier payment,SPEND,-76.5125,999,0
2018-06-14 00:00:00,244,11674,Supplier payment,SPEND,-3.4485,999,0
2018-06-14 00:00:00,244,11644,Supplier payment,SPEND,-2.853,999,0
2018-06-14 00:00:00,244,11698,Supplier payment,SPEND,-55.1155,999,0
2018-06-14 00:00:00,244,11917,Supplier payment,SPEND,-40.5825,999,0
2018-06-14 00:00:00,244,11820,Supplier payment,SPEND,-185.5995,999,0
2018-06-14 00:00:00,244,11721,Supplier payment,SPEND,-1.557,999,0
2018-06-14 00:00:00,244,12067,Supplier payment,SPEND,-16.6975,999,0
2018-06-14 00:00:00,244,11692,Supplier payment,SPEND,-11.7285,999,0
2018-06-14 00:00:00,244,11685,Supplier payment,SPEND,-79.3645,999,0
2018-06-14 00:00:00,244,12068,Supplier payment,SPEND,-64.1175,999,0
2018-06-14 00:00:00,244,11966,Supplier payment,SPEND,-77.682,999,0
2018-06-14 00:00:00,244,11853,Supplier payment,SPEND,-79.002,999,0
2018-06-15 00:00:00,244,10675,Customer payment,RECEIVE,1315.75,999,0
2018-06-18 00:00:00,244,12415,Supplier payment,SPEND,-70.372,999,0
2018-06-19 00:00:00,244,12455,Supplier payment,SPEND,-129.3195,999,0
2018-06-19 00:00:00,244,12028,Supplier payment,SPEND,-174.5065,999,0
2018-06-19 00:00:00,244,11615,Supplier payment,SPEND,-9.8,999,0
2018-06-19 00:00:00,244,11856,Supplier payment,SPEND,-19.725,999,0
2018-06-19 00:00:00,244,11798,Supplier payment,SPEND,-11.6,999,0
2018-06-19 00:00:00,244,11148,Supplier payment,SPEND,-26.652,999,0
2018-06-19 00:00:00,244,11965,Supplier payment,SPEND,-14.4555,999,0
2018-06-19 00:00:00,244,11469,Supplier payment,SPEND,-33.569,999,0
2018-06-19 00:00:00,244,11842,Supplier payment,SPEND,-6.8835,999,0
2018-06-19 00:00:00,244,11410,Supplier payment,SPEND,-2.9825,999,0
2018-06-19 00:00:00,244,11410,Supplier payment,SPEND,-129.487,999,0
2018-06-19 00:00:00,244,11410,Supplier payment,SPEND,-64.8255,999,0
2018-06-19 00:00:00,244,11871,Supplier payment,SPEND,-151.25,999,0
2018-06-19 00:00:00,244,10972,Supplier payment,SPEND,-8.9015,999,0
2018-06-20 00:00:00,244,10680,Customer payment,RECEIVE,524.4725,999,0
2018-06-20 00:00:00,244,10661,Customer payment,RECEIVE,2098.75,999,0
2018-06-20 00:00:00,244,10661,Customer payment,RECEIVE,2591.25,999,0
2018-06-20 00:00:00,244,10567,Customer payment,RECEIVE,294.2275,999,0
2018-06-21 00:00:00,244,11262,Supplier payment,SPEND,-250,999,0
2018-06-21 00:00:00,244,11796,Supplier payment,SPEND,-4.634,999,0
2018-06-21 00:00:00,244,11839,Supplier payment,SPEND,-11.8195,999,0
2018-06-22 00:00:00,244,10672,Customer payment,RECEIVE,6313.875,999,0
2018-06-22 00:00:00,244,11318,Supplier payment,SPEND,-11.784,999,0
2018-06-22 00:00:00,244,12080,Supplier payment,SPEND,-1.2045,999,0
2018-06-22 00:00:00,244,11794,Supplier payment,SPEND,-6.5125,999,0
2018-06-22 00:00:00,244,11510,Supplier payment,SPEND,-3.774,999,0
2018-06-22 00:00:00,244,11375,Supplier payment,SPEND,-1.3375,999,0
2018-06-25 00:00:00,244,10537,Customer payment,RECEIVE,7982.135,999,0
2018-06-25 00:00:00,244,11397,Supplier payment,SPEND,-8.001,999,0
2018-06-26 00:00:00,244,12353,Supplier payment,SPEND,-0.775,999,0
2018-06-27 00:00:00,244,12284,Supplier payment,SPEND,-0.0995,999,0
2018-06-27 00:00:00,244,12056,Supplier payment,SPEND,-2.9265,999,0
2018-06-27 00:00:00,244,11259,Supplier payment,SPEND,-1347.9195,999,0
2018-06-27 00:00:00,244,11839,Supplier payment,SPEND,-6.3205,999,0
2018-06-27 00:00:00,244,11713,Supplier payment,SPEND,-34.648,999,0
2018-06-27 00:00:00,244,11254,Supplier payment,SPEND,-92,999,0
2018-06-27 00:00:00,244,11921,Supplier payment,SPEND,-27.917,999,0
2018-06-27 00:00:00,244,12379,Supplier payment,SPEND,-197.1855,999,0
2018-06-27 00:00:00,244,11734,Supplier payment,SPEND,-0.759,999,0
2018-06-27 00:00:00,244,11849,Supplier payment,SPEND,-2.05,999,0
2018-06-27 00:00:00,244,11334,Supplier payment,SPEND,-27.035,999,0
2018-06-27 00:00:00,244,11428,Supplier payment,SPEND,-48.3505,999,0
2018-06-27 00:00:00,244,11509,Supplier payment,SPEND,-141.57,999,0
2018-06-27 00:00:00,244,12277,Supplier payment,SPEND,-33.1965,999,0
2018-06-27 00:00:00,244,11751,Supplier payment,SPEND,-1.25,999,0
2018-06-29 00:00:00,244,11329,Supplier payment,SPEND,-160.7725,999,0
2018-06-29 00:00:00,244,11354,Supplier payment,SPEND,-260.9385,999,0
2018-06-29 00:00:00,244,11281,Supplier payment,SPEND,-364.7465,999,0
2018-06-29 00:00:00,244,11319,Supplier payment,SPEND,-1035.405,999,0
2018-06-29 00:00:00,244,10591,Customer payment,RECEIVE,224.5,999,0
2018-07-02 00:00:00,244,10663,Customer payment,OFF_LEDGER,26410.53375,999,1
2018-07-02 00:00:00,244,12082,Supplier payment,OFF_LEDGER,-38.825,999,1
2018-07-02 00:00:00,244,12388,Supplier payment,OFF_LEDGER,-296.4675,999,1
2018-07-02 00:00:00,244,11715,Supplier payment,OFF_LEDGER,-25.15,999,1
2018-07-02 00:00:00,244,11934,Supplier payment,OFF_LEDGER,-34.2675,999,1
2018-07-02 00:00:00,244,11967,Supplier payment,OFF_LEDGER,-350.9,999,1
2018-07-02 00:00:00,244,12021,Supplier payment,OFF_LEDGER,-47.7345,999,1
2018-07-02 00:00:00,244,11484,Supplier payment,OFF_LEDGER,-6058.4125,999,1
2018-07-02 00:00:00,244,11514,Supplier payment,OFF_LEDGER,-866.2905,999,1
2018-07-02 00:00:00,244,11774,Supplier payment,OFF_LEDGER,-2152.0835,999,1
2018-07-02 00:00:00,244,10537,Customer payment,OFF_LEDGER,5183.285,999,1
2018-07-03 00:00:00,244,10979,Supplier payment,OFF_LEDGER,-6.3525,999,1
2018-07-03 00:00:00,244,10683,Customer payment,OFF_LEDGER,150.744,999,1
2018-07-03 00:00:00,244,12018,Supplier payment,OFF_LEDGER,-45.3465,999,1
2018-07-03 00:00:00,244,11198,Supplier payment,OFF_LEDGER,-14.394,999,1
2018-07-03 00:00:00,244,11198,Supplier payment,OFF_LEDGER,-3759.78,999,1
2018-07-03 00:00:00,244,11345,Supplier payment,OFF_LEDGER,-2458.7065,999,1
2018-07-03 00:00:00,244,10972,Supplier payment,OFF_LEDGER,-20.1855,999,1
2018-07-03 00:00:00,244,10972,Supplier payment,OFF_LEDGER,-5.775,999,1
2018-07-03 00:00:00,244,10972,Supplier payment,OFF_LEDGER,-5.8215,999,1
2018-07-03 00:00:00,244,12403,Supplier payment,OFF_LEDGER,-483.355,999,1
2018-07-03 00:00:00,244,11148,Supplier payment,OFF_LEDGER,-22.3985,999,1
2018-07-03 00:00:00,244,11856,Supplier payment,OFF_LEDGER,-12.1,999,1
2018-07-03 00:00:00,244,11615,Supplier payment,OFF_LEDGER,-58.4,999,1
2018-07-03 00:00:00,244,10661,Customer payment,OFF_LEDGER,6.75,999,1
2018-07-03 00:00:00,244,10661,Customer payment,OFF_LEDGER,65.75,999,1
2018-07-04 00:00:00,244,10703,Customer payment,OFF_LEDGER,7.4615,999,1
2018-07-04 00:00:00,244,12421,Supplier payment,OFF_LEDGER,-2.87,999,1
2018-07-04 00:00:00,244,11702,Supplier payment,OFF_LEDGER,-136.85,999,1
2018-07-05 00:00:00,244,10676,Customer payment,OFF_LEDGER,100.053125,999,1
2018-07-05 00:00:00,244,11972,Supplier payment,OFF_LEDGER,-148.78,999,1
2018-07-05 00:00:00,244,11262,Supplier payment,OFF_LEDGER,-250,999,1
2018-07-05 00:00:00,244,11685,Supplier payment,OFF_LEDGER,-52.033,999,1
2018-07-05 00:00:00,244,11957,Supplier payment,OFF_LEDGER,-6.75,999,1
2018-07-05 00:00:00,244,11842,Supplier payment,OFF_LEDGER,-18.2045,999,1
2018-07-05 00:00:00,244,11917,Supplier payment,OFF_LEDGER,-42.339,999,1
2018-07-05 00:00:00,244,11965,Supplier payment,OFF_LEDGER,-8.1565,999,1
2018-07-05 00:00:00,244,11965,Supplier payment,OFF_LEDGER,-10.9445,999,1
2018-07-05 00:00:00,244,11187,Supplier payment,OFF_LEDGER,-51.25,999,1
2018-07-05 00:00:00,244,11798,Supplier payment,OFF_LEDGER,-4.175,999,1
2018-07-05 00:00:00,244,11684,Supplier payment,OFF_LEDGER,-0.9115,999,1
2018-07-05 00:00:00,244,11062,Supplier payment,OFF_LEDGER,-29.041,999,1
2018-07-05 00:00:00,244,12021,Supplier payment,OFF_LEDGER,-25.743,999,1
2018-07-05 00:00:00,244,12448,Supplier payment,OFF_LEDGER,-3.224,999,1
2018-07-05 00:00:00,244,11519,Supplier payment,OFF_LEDGER,-36.4,999,1
2018-07-05 00:00:00,244,12310,Supplier payment,OFF_LEDGER,-2141.6615,999,1
2018-07-06 00:00:00,244,11801,Supplier payment,OFF_LEDGER,-13.3555,999,1
2018-07-06 00:00:00,244,12384,Supplier payment,OFF_LEDGER,-44.4,999,1
2018-07-06 00:00:00,244,12095,Supplier payment,OFF_LEDGER,-6.65,999,1
2018-07-06 00:00:00,244,11988,Supplier payment,OFF_LEDGER,-0.63,999,1
2018-07-06 00:00:00,244,11692,Supplier payment,OFF_LEDGER,-8.5545,999,1
2018-07-06 00:00:00,244,12096,Supplier payment,OFF_LEDGER,-3.7195,999,1
2018-07-09 00:00:00,244,12194,Supplier payment,OFF_LEDGER,-0.9045,999,1
2018-07-09 00:00:00,244,10648,Customer payment,OFF_LEDGER,1.7545,999,1
2018-07-09 00:00:00,244,11871,Supplier payment,OFF_LEDGER,-330.935,999,1
2018-07-10 00:00:00,244,12310,Supplier payment,OFF_LEDGER,-2217.773,999,1
2018-07-10 00:00:00,244,11390,Supplier payment,OFF_LEDGER,-1.875,999,1
2018-07-10 00:00:00,244,12092,Supplier payment,OFF_LEDGER,-53.297,999,1
2018-07-10 00:00:00,244,11485,Other customer payment,OFF_LEDGER,-2.545,999,1
2018-07-10 00:00:00,244,12105,Supplier payment,OFF_LEDGER,-6.45,999,1
2018-07-10 00:00:00,244,12255,Supplier payment,OFF_LEDGER,-4.7505,999,1
2018-07-10 00:00:00,244,11485,Other customer payment,OFF_LEDGER,-34.3,999,1
2018-07-10 00:00:00,244,11517,Supplier payment,OFF_LEDGER,-4.2,999,1
2018-07-10 00:00:00,244,11318,Supplier payment,OFF_LEDGER,-37.475,999,1
2018-07-10 00:00:00,244,12116,Supplier payment,OFF_LEDGER,-3.5925,999,1
2018-07-10 00:00:00,244,12071,Supplier payment,OFF_LEDGER,-36.3,999,1
2018-07-11 00:00:00,244,10327,Customer payment,OFF_LEDGER,112.668875,999,1
2018-07-12 00:00:00,244,12107,Supplier payment,OFF_LEDGER,-38.825,999,1
2018-07-13 00:00:00,244,11901,Supplier payment,OFF_LEDGER,-118.2165,999,1
2018-07-13 00:00:00,244,12448,Supplier payment,OFF_LEDGER,-3.5485,999,1
2018-07-19 00:00:00,244,11709,Supplier payment,OFF_LEDGER,-82.5825,999,1
2018-07-16 00:00:00,244,10694,Customer payment,OFF_LEDGER,50.1771875,999,1
2018-07-16 00:00:00,244,10954,Supplier payment,OFF_LEDGER,-28.4955,999,1
2018-07-16 00:00:00,244,10672,Customer payment,OFF_LEDGER,189.771875,999,1
2018-07-16 00:00:00,244,12067,Supplier payment,OFF_LEDGER,16.6975,999,1
2018-07-16 00:00:00,244,12069,Supplier payment,OFF_LEDGER,-290.4,999,1
2018-07-16 00:00:00,244,11862,Supplier payment,OFF_LEDGER,-31.7,999,1
2018-07-16 00:00:00,244,11615,Supplier payment,OFF_LEDGER,-17.15,999,1
2018-07-16 00:00:00,244,11965,Supplier payment,OFF_LEDGER,-21.8675,999,1
2018-07-16 00:00:00,244,11469,Supplier payment,OFF_LEDGER,-33.0985,999,1
2018-07-16 00:00:00,244,11410,Supplier payment,OFF_LEDGER,-2.505,999,1
2018-07-16 00:00:00,244,11410,Supplier payment,OFF_LEDGER,-127.713,999,1
2018-07-16 00:00:00,244,11410,Supplier payment,OFF_LEDGER,-7.477,999,1
2018-07-16 00:00:00,244,10567,Customer payment,OFF_LEDGER,55.5265,999,1
2018-07-25 00:00:00,244,12353,Supplier payment,OFF_LEDGER,-0.775,999,1
2018-07-23 00:00:00,244,10672,Customer payment,OFF_LEDGER,162.3,999,1
2018-07-24 00:00:00,244,11901,Supplier payment,OFF_LEDGER,-227.8375,999,1
2018-07-24 00:00:00,244,11901,Supplier payment,OFF_LEDGER,-25.5565,999,1
2018-07-24 00:00:00,244,11901,Supplier payment,OFF_LEDGER,-25.5565,999,1
2018-07-24 00:00:00,244,11901,Supplier payment,OFF_LEDGER,-25.5565,999,1
2018-07-24 00:00:00,244,10701,Customer payment,OFF_LEDGER,31.15,999,1
2018-07-24 00:00:00,244,10700,Customer payment,OFF_LEDGER,31.9145,999,1
2018-07-24 00:00:00,244,10661,Customer payment,OFF_LEDGER,1.5,999,1
2018-08-28 00:00:00,244,10661,Customer payment,OFF_LEDGER,1240,999,1
2018-08-28 00:00:00,244,10661,Customer payment,OFF_LEDGER,2857.5,999,1
2018-08-28 00:00:00,244,10661,Customer payment,OFF_LEDGER,592.5,999,1
2018-07-17 00:00:00,244,12455,Supplier payment,OFF_LEDGER,-111.8535,999,1
2018-07-17 00:00:00,244,12201,Supplier payment,OFF_LEDGER,-3.4485,999,1
2018-07-17 00:00:00,244,12120,Supplier payment,OFF_LEDGER,-0.725,999,1
2018-07-30 00:00:00,244,11329,Supplier payment,OFF_LEDGER,-134.913,999,1
2018-07-30 00:00:00,244,11354,Supplier payment,OFF_LEDGER,-227.3905,999,1
2018-07-30 00:00:00,244,11319,Supplier payment,OFF_LEDGER,-999.3815,999,1
2018-07-30 00:00:00,244,10685,Customer payment,OFF_LEDGER,52.8,999,1
2018-07-30 00:00:00,244,12124,Supplier payment,OFF_LEDGER,-39,999,1
2018-07-30 00:00:00,244,10591,Customer payment,OFF_LEDGER,37.45,999,1
2018-07-27 00:00:00,244,12284,Supplier payment,OFF_LEDGER,-0.0995,999,1
2018-07-27 00:00:00,244,11281,Supplier payment,OFF_LEDGER,-484.0715,999,1
2018-07-27 00:00:00,244,11259,Supplier payment,OFF_LEDGER,-1310.048,999,1
2018-07-27 00:00:00,244,12090,Supplier payment,OFF_LEDGER,-5.4755,999,1
2018-07-27 00:00:00,244,11794,Supplier payment,OFF_LEDGER,-42.441,999,1
2018-07-27 00:00:00,244,10675,Customer payment,OFF_LEDGER,155.2,999,1
2018-07-27 00:00:00,244,12124,Supplier payment,OFF_LEDGER,-11,999,1
2018-07-27 00:00:00,244,12046,Supplier payment,OFF_LEDGER,-30.9815,999,1
2018-07-27 00:00:00,244,12106,Supplier payment,OFF_LEDGER,-75.625,999,1
2018-07-27 00:00:00,244,12066,Supplier payment,OFF_LEDGER,-31.2415,999,1
2018-07-26 00:00:00,244,11262,Supplier payment,OFF_LEDGER,-250,999,1
2018-07-26 00:00:00,244,12322,Supplier payment,OFF_LEDGER,-12,999,1
2018-07-26 00:00:00,244,12322,Supplier payment,OFF_LEDGER,-12,999,1
2018-07-26 00:00:00,244,10705,Customer payment,OFF_LEDGER,2.2225,999,1
2018-07-26 00:00:00,244,12046,Supplier payment,OFF_LEDGER,-48.4,999,1
2018-07-26 00:00:00,244,12195,Supplier payment,OFF_LEDGER,-11.9,999,1
2018-07-26 00:00:00,244,12046,Supplier payment,OFF_LEDGER,-23.492,999,1
2018-07-26 00:00:00,244,12046,Supplier payment,OFF_LEDGER,-30.395,999,1
2018-07-26 00:00:00,244,12068,Supplier payment,OFF_LEDGER,-2.495,999,1
2018-07-26 00:00:00,244,11939,Supplier payment,OFF_LEDGER,-44.8385,999,1
2018-07-26 00:00:00,244,11519,Supplier payment,OFF_LEDGER,-11.7,999,1
2018-08-01 00:00:00,244,10663,Customer payment,OFF_LEDGER,34064.811,999,1
2018-08-01 00:00:00,244,10698,Customer payment,OFF_LEDGER,11.6625,999,1
2018-08-01 00:00:00,244,10698,Customer payment,OFF_LEDGER,21.2175,999,1
2018-08-01 00:00:00,244,10706,Customer payment,OFF_LEDGER,63.8725,999,1
2018-08-01 00:00:00,244,10702,Customer payment,OFF_LEDGER,134.735,999,1
2018-08-01 00:00:00,244,10702,Customer payment,OFF_LEDGER,711.7375,999,1
2018-08-01 00:00:00,244,10706,Customer payment,OFF_LEDGER,898.635,999,1
2018-08-01 00:00:00,244,10537,Customer payment,OFF_LEDGER,5156.7725,999,1
2018-08-01 00:00:00,244,10689,Customer payment,OFF_LEDGER,1002.445,999,1
2018-08-02 00:00:00,244,10703,Customer payment,OFF_LEDGER,160.41,999,1
2018-08-02 00:00:00,244,10666,Customer payment,OFF_LEDGER,1563.8725,999,1
2018-08-02 00:00:00,244,10681,Customer payment,OFF_LEDGER,95.185,999,1
2018-08-02 00:00:00,244,10681,Customer payment,OFF_LEDGER,69.415,999,1
2018-08-02 00:00:00,244,12046,Supplier payment,OFF_LEDGER,117.46,999,1
2018-08-02 00:00:00,244,11484,Supplier payment,OFF_LEDGER,-6841.589,999,1
2018-08-02 00:00:00,244,10327,Customer payment,OFF_LEDGER,4352.635,999,1
2018-08-02 00:00:00,244,12104,Supplier payment,OFF_LEDGER,-1,999,1
2018-08-02 00:00:00,244,11957,Supplier payment,OFF_LEDGER,-1.5,999,1
2018-08-02 00:00:00,244,11615,Supplier payment,OFF_LEDGER,-31.15,999,1
2018-08-02 00:00:00,244,11798,Supplier payment,OFF_LEDGER,-40.175,999,1
2018-08-02 00:00:00,244,11148,Supplier payment,OFF_LEDGER,-48.1585,999,1
2018-08-02 00:00:00,244,11713,Supplier payment,OFF_LEDGER,-56.3025,999,1
2018-08-02 00:00:00,244,11965,Supplier payment,OFF_LEDGER,-16.135,999,1
2018-08-02 00:00:00,244,12403,Supplier payment,OFF_LEDGER,-533.323,999,1
2018-08-02 00:00:00,244,11842,Supplier payment,OFF_LEDGER,-5.6415,999,1
2018-08-02 00:00:00,244,11856,Supplier payment,OFF_LEDGER,-28.875,999,1
2018-08-02 00:00:00,244,11345,Supplier payment,OFF_LEDGER,-1146.8865,999,1
2018-08-02 00:00:00,244,11868,Supplier payment,OFF_LEDGER,-7.5,999,1
2018-08-03 00:00:00,244,10979,Supplier payment,OFF_LEDGER,-3.3275,999,1
2018-08-03 00:00:00,244,12421,Supplier payment,OFF_LEDGER,-2.713,999,1
2018-08-03 00:00:00,244,12335,Supplier payment,OFF_LEDGER,-29.1,999,1
2018-08-03 00:00:00,244,12335,Supplier payment,OFF_LEDGER,-12,999,1
2018-08-03 00:00:00,244,12335,Supplier payment,OFF_LEDGER,-29.1,999,1
2018-08-03 00:00:00,244,10537,Customer payment,OFF_LEDGER,1506.6885,999,1
2018-08-03 00:00:00,244,12008,Supplier payment,OFF_LEDGER,-17.4,999,1
2018-08-03 00:00:00,244,11774,Supplier payment,OFF_LEDGER,-2687.33,999,1
2018-08-03 00:00:00,244,11751,Supplier payment,OFF_LEDGER,-5,999,1
2018-08-03 00:00:00,244,11868,Supplier payment,OFF_LEDGER,-3.002,999,1
2018-08-06 00:00:00,244,12111,Supplier payment,OFF_LEDGER,-7.3635,999,1
2018-08-06 00:00:00,244,11785,Supplier payment,OFF_LEDGER,-40.05,999,1
2018-08-07 00:00:00,244,10661,Customer payment,OFF_LEDGER,3.75,999,1
2018-08-07 00:00:00,244,11680,Supplier payment,OFF_LEDGER,-2575.005,999,1
2018-08-08 00:00:00,244,12028,Supplier payment,OFF_LEDGER,-259.767,999,1
2018-08-08 00:00:00,244,11801,Supplier payment,OFF_LEDGER,-12.1,999,1
2018-08-08 00:00:00,244,11264,Supplier payment,OFF_LEDGER,-3.6745,999,1
2018-08-08 00:00:00,244,12204,Supplier payment,OFF_LEDGER,-4.775,999,1
2018-08-09 00:00:00,244,11901,Supplier payment,OFF_LEDGER,-25.5565,999,1
2018-08-09 00:00:00,244,10676,Customer payment,OFF_LEDGER,2104.325,999,1
2018-08-10 00:00:00,244,11839,Supplier payment,OFF_LEDGER,-8.4535,999,1
2018-08-10 00:00:00,244,11842,Supplier payment,OFF_LEDGER,-21.339,999,1
2018-08-13 00:00:00,244,11264,Supplier payment,OFF_LEDGER,-11.655,999,1
2018-08-13 00:00:00,244,12067,Supplier payment,OFF_LEDGER,-16.6975,999,1
2018-08-13 00:00:00,244,12118,Supplier payment,OFF_LEDGER,-44.5,999,1
2018-08-13 00:00:00,244,11485,Other customer payment,OFF_LEDGER,-4.496,999,1
2018-08-14 00:00:00,244,11901,Supplier payment,OFF_LEDGER,-118.2165,999,1
2018-08-14 00:00:00,244,11297,Supplier payment,OFF_LEDGER,-685.344,999,1
2018-08-14 00:00:00,244,12088,Supplier payment,OFF_LEDGER,-4.55,999,1
2018-08-14 00:00:00,244,10661,Customer payment,OFF_LEDGER,4448.75,999,1
2018-08-14 00:00:00,244,10661,Customer payment,OFF_LEDGER,827.5,999,1
2018-08-14 00:00:00,244,11187,Supplier payment,OFF_LEDGER,-186,999,1
2018-08-15 00:00:00,244,10954,Supplier payment,OFF_LEDGER,-28.4955,999,1
2018-08-15 00:00:00,244,11262,Supplier payment,OFF_LEDGER,-250,999,1
2018-08-15 00:00:00,244,11527,Supplier payment,OFF_LEDGER,-47.3715,999,1
2018-08-15 00:00:00,244,11742,Supplier payment,OFF_LEDGER,-23.8975,999,1
2018-08-15 00:00:00,244,12282,Supplier payment,OFF_LEDGER,-12.312,999,1
2018-08-16 00:00:00,244,10672,Customer payment,OFF_LEDGER,1358.57,999,1
2018-08-16 00:00:00,244,11966,Supplier payment,OFF_LEDGER,-70.448,999,1
2018-08-16 00:00:00,244,11966,Supplier payment,OFF_LEDGER,-78.188,999,1
2018-08-16 00:00:00,244,11334,Supplier payment,OFF_LEDGER,-17.22,999,1
2018-08-16 00:00:00,244,11428,Supplier payment,OFF_LEDGER,-15.4235,999,1
2018-08-22 00:00:00,244,12121,Supplier payment,OFF_LEDGER,-8.1675,999,1
2018-08-22 00:00:00,244,11297,Supplier payment,OFF_LEDGER,-1016.4,999,1
2018-08-22 00:00:00,244,11615,Supplier payment,OFF_LEDGER,-40.25,999,1
2018-08-22 00:00:00,244,11856,Supplier payment,OFF_LEDGER,-0.5,999,1
2018-08-22 00:00:00,244,11713,Supplier payment,OFF_LEDGER,-37.1975,999,1
2018-08-22 00:00:00,244,10972,Supplier payment,OFF_LEDGER,-7.582,999,1
2018-08-23 00:00:00,244,10705,Customer payment,OFF_LEDGER,1.85,999,1
2018-08-23 00:00:00,244,10704,Customer payment,OFF_LEDGER,70.015,999,1
2018-08-23 00:00:00,244,11024,Supplier payment,OFF_LEDGER,-28.435,999,1
2018-08-23 00:00:00,244,11794,Supplier payment,OFF_LEDGER,-19.484,999,1
2018-08-24 00:00:00,244,10686,Customer payment,OFF_LEDGER,5000,999,1
2018-08-24 00:00:00,244,12353,Supplier payment,OFF_LEDGER,-0.775,999,1
2018-08-17 00:00:00,244,12455,Supplier payment,OFF_LEDGER,-36.7265,999,1
2018-08-17 00:00:00,244,12108,Supplier payment,OFF_LEDGER,-250,999,1
2018-08-17 00:00:00,244,12108,Supplier payment,OFF_LEDGER,-403.598,999,1
2018-08-30 00:00:00,244,10689,Customer payment,OFF_LEDGER,379.15,999,1
2018-08-30 00:00:00,244,10567,Customer payment,OFF_LEDGER,265.02,999,1
2018-08-29 00:00:00,244,11354,Supplier payment,OFF_LEDGER,-116.0065,999,1
2018-08-29 00:00:00,244,11319,Supplier payment,OFF_LEDGER,-374.6275,999,1
2018-08-29 00:00:00,244,10688,Customer payment,OFF_LEDGER,1361.25,999,1
2018-08-27 00:00:00,244,12284,Supplier payment,OFF_LEDGER,-0.0995,999,1
2018-08-27 00:00:00,244,11281,Supplier payment,OFF_LEDGER,-4.4815,999,1
2018-08-27 00:00:00,244,11259,Supplier payment,OFF_LEDGER,-685.1155,999,1
2018-08-27 00:00:00,244,12397,Supplier payment,OFF_LEDGER,-21.9935,999,1
2018-08-27 00:00:00,244,12397,Supplier payment,OFF_LEDGER,-199.438,999,1
2018-08-27 00:00:00,244,10685,Customer payment,OFF_LEDGER,750,999,1
2018-08-27 00:00:00,244,12079,Supplier payment,OFF_LEDGER,-63.7,999,1
2018-08-21 00:00:00,244,10666,Customer payment,OFF_LEDGER,796.8925,999,1
2018-08-21 00:00:00,244,10681,Customer payment,OFF_LEDGER,-57.446,999,1
2018-08-21 00:00:00,244,11702,Supplier payment,OFF_LEDGER,-20,999,1
2018-08-21 00:00:00,244,11702,Supplier payment,OFF_LEDGER,-25.2,999,1
2018-08-21 00:00:00,244,11702,Supplier payment,OFF_LEDGER,-81.85,999,1
2018-08-20 00:00:00,244,10648,Customer payment,OFF_LEDGER,8.7725,999,1
2018-08-20 00:00:00,244,11325,Supplier payment,OFF_LEDGER,-27.9,999,1
2018-08-31 00:00:00,244,10591,Customer payment,OFF_LEDGER,187.25,999,1
2018-08-31 00:00:00,244,11842,Supplier payment,OFF_LEDGER,-22.4115,999,1
2018-08-31 00:00:00,244,11148,Supplier payment,OFF_LEDGER,-21.6095,999,1
2018-08-31 00:00:00,244,11965,Supplier payment,OFF_LEDGER,-18.1535,999,1
2018-08-31 00:00:00,244,12379,Supplier payment,OFF_LEDGER,-6.2165,999,1
2018-08-31 00:00:00,244,12104,Supplier payment,OFF_LEDGER,-19.9,999,1
2018-08-31 00:00:00,244,12127,Supplier payment,OFF_LEDGER,-6.776,999,1
2018-08-31 00:00:00,244,11798,Supplier payment,OFF_LEDGER,-24.625,999,1
2018-08-31 00:00:00,244,11856,Supplier payment,OFF_LEDGER,-40.75,999,1
2018-08-31 00:00:00,244,12303,Supplier payment,OFF_LEDGER,-2382.372,999,1
2018-09-05 00:00:00,244,11773,Supplier payment,OFF_LEDGER,-3.267,999,1
2018-09-05 00:00:00,244,12421,Supplier payment,OFF_LEDGER,-2.9885,999,1
2018-09-05 00:00:00,244,12457,Supplier payment,OFF_LEDGER,50.695,999,1
2018-09-05 00:00:00,244,10327,Customer payment,OFF_LEDGER,836.9445,999,1
2018-09-05 00:00:00,244,11484,Supplier payment,OFF_LEDGER,-6278.505,999,1
2018-09-04 00:00:00,244,10979,Supplier payment,OFF_LEDGER,-3.3275,999,1
2018-09-04 00:00:00,244,10703,Customer payment,OFF_LEDGER,142.79,999,1
2018-09-04 00:00:00,244,10661,Customer payment,OFF_LEDGER,955.35,999,1
2018-09-04 00:00:00,244,10691,Customer payment,OFF_LEDGER,458.75,999,1
2018-09-04 00:00:00,244,10690,Customer payment,OFF_LEDGER,1221.25,999,1
2018-09-03 00:00:00,244,10537,Customer payment,OFF_LEDGER,2736.8525,999,1
2018-09-07 00:00:00,244,10663,Customer payment,OFF_LEDGER,34362.9795,999,1
2018-09-07 00:00:00,244,10125,Customer payment,OFF_LEDGER,17.8475,999,1
2018-09-07 00:00:00,244,11018,Supplier payment,OFF_LEDGER,-153.464,999,1
2018-09-07 00:00:00,244,12303,Supplier payment,OFF_LEDGER,-500.298,999,1
2018-09-07 00:00:00,244,11957,Supplier payment,OFF_LEDGER,-26.45,999,1
2018-09-07 00:00:00,244,11198,Supplier payment,OFF_LEDGER,-238.425,999,1
2018-09-07 00:00:00,244,10972,Supplier payment,OFF_LEDGER,-5.314,999,1
2018-09-07 00:00:00,244,11262,Supplier payment,OFF_LEDGER,-100,999,1
2018-09-10 00:00:00,244,10694,Customer payment,OFF_LEDGER,2745.4295,999,1
2018-09-10 00:00:00,244,11901,Supplier payment,OFF_LEDGER,-25.5565,999,1
2018-09-10 00:00:00,244,11801,Supplier payment,OFF_LEDGER,-12.1,999,1
2018-09-10 00:00:00,244,10648,Customer payment,OFF_LEDGER,8.7725,999,1
2018-09-10 00:00:00,244,11198,Supplier payment,OFF_LEDGER,-3801.6375,999,1
2018-09-10 00:00:00,244,11774,Supplier payment,OFF_LEDGER,-3008.803,999,1
2018-09-11 00:00:00,244,10637,Customer payment,OFF_LEDGER,8.7725,999,1
2018-09-11 00:00:00,244,12194,Supplier payment,OFF_LEDGER,-0.9045,999,1
2018-09-11 00:00:00,244,12194,Supplier payment,OFF_LEDGER,-0.613,999,1
2018-09-12 00:00:00,244,12108,Supplier payment,OFF_LEDGER,-1138.1555,999,1
2018-09-12 00:00:00,244,11148,Supplier payment,OFF_LEDGER,-64.0525,999,1
2018-09-12 00:00:00,244,11842,Supplier payment,OFF_LEDGER,-20.303,999,1
2018-09-13 00:00:00,244,12448,Supplier payment,OFF_LEDGER,-1.541,999,1
2018-09-13 00:00:00,244,10672,Customer payment,OFF_LEDGER,1204.775,999,1
2018-09-13 00:00:00,244,10676,Customer payment,OFF_LEDGER,2420.55,999,1
2018-09-13 00:00:00,244,10705,Customer payment,OFF_LEDGER,1.85,999,1
2018-09-13 00:00:00,244,10704,Customer payment,OFF_LEDGER,69.3725,999,1
2018-09-13 00:00:00,244,11965,Supplier payment,OFF_LEDGER,-4,999,1
2018-09-13 00:00:00,244,11062,Supplier payment,OFF_LEDGER,-19.531,999,1
2018-09-13 00:00:00,244,11713,Supplier payment,OFF_LEDGER,-15.7575,999,1
2018-09-13 00:00:00,244,12413,Supplier payment,OFF_LEDGER,-14.015,999,1
2018-09-13 00:00:00,244,11798,Supplier payment,OFF_LEDGER,-6.075,999,1
2018-09-14 00:00:00,244,10675,Customer payment,OFF_LEDGER,2025.65,999,1
2018-09-14 00:00:00,244,11965,Supplier payment,OFF_LEDGER,-15.8975,999,1
2018-09-17 00:00:00,244,11222,Supplier payment,OFF_LEDGER,-4.0525,999,1
2018-09-17 00:00:00,244,10954,Supplier payment,OFF_LEDGER,-44.6825,999,1
2018-09-17 00:00:00,244,10694,Customer payment,OFF_LEDGER,3210.463,999,1
2018-09-17 00:00:00,244,12180,Supplier payment,OFF_LEDGER,-55.176,999,1
2018-09-17 00:00:00,244,11702,Supplier payment,OFF_LEDGER,-13.3,999,1
2018-09-17 00:00:00,244,10701,Customer payment,OFF_LEDGER,255.455,999,1
2018-09-17 00:00:00,244,10700,Customer payment,OFF_LEDGER,204.8175,999,1
2018-09-17 00:00:00,244,10699,Customer payment,OFF_LEDGER,-0.623,999,1
2018-09-18 00:00:00,244,12455,Supplier payment,OFF_LEDGER,-37.93,999,1
2018-09-19 00:00:00,244,12108,Supplier payment,OFF_LEDGER,-750,999,1
2018-09-19 00:00:00,244,12250,Supplier payment,OFF_LEDGER,-12.6125,999,1
2018-09-19 00:00:00,244,11966,Supplier payment,OFF_LEDGER,-87.9835,999,1
2018-09-19 00:00:00,244,11685,Supplier payment,OFF_LEDGER,-24.746,999,1
2018-09-19 00:00:00,244,12403,Supplier payment,OFF_LEDGER,-561.558,999,1
2018-09-19 00:00:00,244,12008,Supplier payment,OFF_LEDGER,-3.962,999,1
2018-09-19 00:00:00,244,11842,Supplier payment,OFF_LEDGER,-16.9795,999,1
2018-09-19 00:00:00,244,11514,Supplier payment,OFF_LEDGER,-552.758,999,1
2018-09-21 00:00:00,244,10687,Customer payment,OFF_LEDGER,850.35,999,1
2018-09-21 00:00:00,244,10699,Customer payment,OFF_LEDGER,1.065,999,1
2018-09-20 00:00:00,244,10537,Customer payment,OFF_LEDGER,2022.4315,999,1
2018-09-24 00:00:00,244,11262,Supplier payment,OFF_LEDGER,-250,999,1
2018-09-26 00:00:00,244,12353,Supplier payment,OFF_LEDGER,-0.775,999,1
2018-09-26 00:00:00,244,10675,Customer payment,OFF_LEDGER,566.35,999,1
2018-09-26 00:00:00,244,11516,Supplier payment,OFF_LEDGER,-23.0535,999,1
2018-09-26 00:00:00,244,11917,Supplier payment,OFF_LEDGER,-79.507,999,1
2018-09-26 00:00:00,244,12413,Supplier payment,OFF_LEDGER,-14.6845,999,1
2018-09-26 00:00:00,244,10591,Customer payment,OFF_LEDGER,187.25,999,1
2018-09-27 00:00:00,244,10567,Customer payment,OFF_LEDGER,271.24,999,1
2018-09-28 00:00:00,244,12284,Supplier payment,OFF_LEDGER,-0.0995,999,1
2018-09-28 00:00:00,244,11281,Supplier payment,OFF_LEDGER,-13.3965,999,1
2018-09-28 00:00:00,244,11354,Supplier payment,OFF_LEDGER,-166.5715,999,1
2018-09-28 00:00:00,244,11319,Supplier payment,OFF_LEDGER,-367.7575,999,1
2018-09-28 00:00:00,244,11259,Supplier payment,OFF_LEDGER,-507.3735,999,1
2018-09-28 00:00:00,244,10681,Customer payment,OFF_LEDGER,608.09,999,1
2018-09-28 00:00:00,244,10701,Customer payment,OFF_LEDGER,190.6375,999,1
2018-09-28 00:00:00,244,10700,Customer payment,OFF_LEDGER,55.0275,999,1
2018-01-02 00:00:00,244,12482,Miscellaneous,SPEND,-3066.65,999,0
2018-01-04 00:00:00,244,12483,Bank charges,SPEND,-1.689,999,0
2018-01-04 00:00:00,244,12483,Bank charges,SPEND,-78.125,999,0
2018-01-04 00:00:00,244,12483,Bank charges,SPEND,-95.4655,999,0
2018-01-04 00:00:00,244,12483,Bank charges,SPEND,-18.7615,999,0
2018-01-04 00:00:00,244,12484,Miscellaneous,SPEND,-12.7365,999,0
2018-01-08 00:00:00,244,12485,Miscellaneous,SPEND,-1508.1845,999,0
2018-01-08 00:00:00,244,12485,Miscellaneous,SPEND,-2214.193,999,0
2018-01-08 00:00:00,244,12486,Tax,RECEIVE,696.225,999,0
2018-01-11 00:00:00,244,12487,General expense,SPEND,-11.85,999,0
2018-01-11 00:00:00,244,12488,Miscellaneous,SPEND,-2.9645,999,0
2018-01-16 00:00:00,244,12485,Miscellaneous,SPEND,-368.2045,999,0
2018-01-19 00:00:00,244,12485,Miscellaneous,SPEND,-1903.1985,999,0
2018-01-19 00:00:00,244,12485,Miscellaneous,SPEND,-1941.401,999,0
2018-01-15 00:00:00,244,12482,Miscellaneous,SPEND,-504.178,999,0
2018-01-15 00:00:00,244,12485,Miscellaneous,SPEND,-355.12,999,0
2018-01-17 00:00:00,244,12489,Miscellaneous,RECEIVE,693.6325,999,0
2018-01-17 00:00:00,244,12489,Miscellaneous,RECEIVE,271.04,999,0
2018-01-17 00:00:00,244,12488,Miscellaneous,SPEND,-17.4845,999,0
2018-01-22 00:00:00,244,12484,Miscellaneous,SPEND,-500,999,0
2018-01-22 00:00:00,244,12490,Miscellaneous,SPEND,-400,999,0
2018-01-22 00:00:00,244,12491,Salaries,SPEND,-8075,999,0
2018-01-22 00:00:00,244,12491,Salaries,SPEND,-12500,999,0
2018-01-22 00:00:00,244,12486,Tax,RECEIVE,5120,999,0
2018-01-22 00:00:00,244,12484,Miscellaneous,SPEND,-1151.0695,999,0
2018-01-23 00:00:00,244,12488,Miscellaneous,SPEND,-2.9645,999,0
2018-01-23 00:00:00,244,12488,Miscellaneous,SPEND,-2.9645,999,0
2018-01-25 00:00:00,244,12490,Miscellaneous,SPEND,-809.9265,999,0
2018-01-25 00:00:00,244,12485,Miscellaneous,SPEND,-1101.986,999,0
2018-01-29 00:00:00,244,12492,Tax,SPEND,-11366.45,999,0
2018-01-30 00:00:00,244,12484,Miscellaneous,SPEND,-164.058,999,0
2018-01-30 00:00:00,244,12490,Miscellaneous,SPEND,-488.5875,999,0
2018-01-30 00:00:00,244,12484,Miscellaneous,SPEND,-12.475,999,0
2018-01-31 00:00:00,244,12485,Miscellaneous,SPEND,-2552.1465,999,0
2018-01-31 00:00:00,244,12485,Miscellaneous,SPEND,-1824.4165,999,0
2018-01-31 00:00:00,244,12482,Miscellaneous,SPEND,-286.05,999,0
2018-02-02 00:00:00,244,12493,Miscellaneous,SPEND,-532.0925,999,0
2018-02-05 00:00:00,244,12483,Bank charges,SPEND,-26.25,999,0
2018-02-06 00:00:00,244,12484,Miscellaneous,SPEND,-263.31,999,0
2018-02-06 00:00:00,244,12485,Miscellaneous,SPEND,-578.6925,999,0
2018-02-06 00:00:00,244,12485,Miscellaneous,SPEND,-5013.194375,999,0
2018-02-06 00:00:00,244,12485,Miscellaneous,SPEND,-646.00375,999,0
2018-02-06 00:00:00,244,12487,General expense,SPEND,-53.24,999,0
2018-02-07 00:00:00,244,12491,Salaries,SPEND,-2307.5,999,0
2018-02-08 00:00:00,244,12490,Miscellaneous,SPEND,-898.1103125,999,0
2018-02-12 00:00:00,244,12484,Miscellaneous,SPEND,-2343.75,999,0
2018-02-12 00:00:00,244,12490,Miscellaneous,SPEND,-2968.75,999,0
2018-02-19 00:00:00,244,12489,Miscellaneous,RECEIVE,271.04,999,0
2018-02-19 00:00:00,244,12488,Miscellaneous,SPEND,-14.8225,999,0
2018-02-21 00:00:00,244,12491,Salaries,SPEND,-12955.625,999,0
2018-02-23 00:00:00,244,12486,Tax,RECEIVE,1084.3125,999,0
2018-02-22 00:00:00,244,12494,Miscellaneous,RECEIVE,15.795,999,0
2018-02-27 00:00:00,244,12488,Miscellaneous,SPEND,-14.8225,999,0
2018-02-26 00:00:00,244,12485,Miscellaneous,SPEND,-924.169375,999,0
2018-02-26 00:00:00,244,12485,Miscellaneous,SPEND,-469.1165625,999,0
2018-02-26 00:00:00,244,12485,Miscellaneous,RECEIVE,6304.205625,999,0
2018-02-26 00:00:00,244,12492,Tax,SPEND,-7592.28125,999,0
2018-02-28 00:00:00,244,12482,Miscellaneous,SPEND,-1291.8375,999,0
2018-03-02 00:00:00,244,12495,Miscellaneous,RECEIVE,0.351388888888889,999,0
2018-03-08 00:00:00,244,12484,Miscellaneous,SPEND,-4.33194444444444,999,0
2018-03-09 00:00:00,244,12485,Miscellaneous,SPEND,-940.635,999,0
2018-03-09 00:00:00,244,12485,Miscellaneous,SPEND,-592.912222222222,999,0
2018-03-09 00:00:00,244,12485,Miscellaneous,SPEND,-264.564444444445,999,0
2018-03-09 00:00:00,244,12484,Miscellaneous,SPEND,-3.47222222222222,999,0
2018-03-09 00:00:00,244,12491,Salaries,SPEND,-227.777777777778,999,0
2018-03-12 00:00:00,244,12490,Miscellaneous,RECEIVE,0.2875,999,0
2018-03-13 00:00:00,244,12496,Other supplier payment,SPEND,-121.184444444445,999,0
2018-03-16 00:00:00,244,12485,Miscellaneous,SPEND,-226.876472222222,999,0
2018-03-19 00:00:00,244,12484,Miscellaneous,SPEND,-1311.62944444445,999,0
2018-03-20 00:00:00,244,12490,Miscellaneous,SPEND,-271.761666666667,999,0
2018-03-20 00:00:00,244,12491,Salaries,SPEND,-1087.24444444445,999,0
2018-03-22 00:00:00,244,12485,Miscellaneous,SPEND,-927.08,999,0
2018-03-22 00:00:00,244,12485,Miscellaneous,SPEND,-698.119444444444,999,0
2018-03-23 00:00:00,244,12484,Miscellaneous,SPEND,-349.820833333333,999,0
2018-03-27 00:00:00,244,12488,Miscellaneous,SPEND,-1.64694444444444,999,0
2018-03-26 00:00:00,244,12489,Miscellaneous,RECEIVE,34.6328888888889,999,0
2018-03-26 00:00:00,244,12489,Miscellaneous,RECEIVE,147.151125,999,0
2018-03-26 00:00:00,244,12488,Miscellaneous,SPEND,-1.64694444444444,999,0
2018-03-26 00:00:00,244,12488,Miscellaneous,SPEND,-1.64694444444444,999,0
2018-03-26 00:00:00,244,12488,Miscellaneous,SPEND,-9.71361111111111,999,0
2018-03-26 00:00:00,244,12488,Miscellaneous,SPEND,-1.64694444444444,999,0
2018-03-26 00:00:00,244,12492,Tax,SPEND,-537.625,999,0
2018-03-26 00:00:00,244,12482,Miscellaneous,SPEND,-168.369444444444,999,0
2018-03-29 00:00:00,244,12482,Miscellaneous,SPEND,-227.697222222222,999,0
2018-04-03 00:00:00,244,12489,Miscellaneous,SPEND,-17.12325,999,0
2018-04-03 00:00:00,244,12485,Miscellaneous,RECEIVE,1014.13333333333,999,0
2018-04-03 00:00:00,244,12485,Miscellaneous,SPEND,-471.1485,999,0
2018-04-06 00:00:00,244,12485,Miscellaneous,SPEND,-504.0875,999,0
2018-04-06 00:00:00,244,12488,Miscellaneous,SPEND,-1.48225,999,0
2018-04-05 00:00:00,244,12483,Bank charges,SPEND,-4.9955,999,0
2018-04-05 00:00:00,244,12483,Bank charges,SPEND,-38.1495,999,0
2018-04-05 00:00:00,244,12483,Bank charges,SPEND,-47.715,999,0
2018-04-05 00:00:00,244,12483,Bank charges,SPEND,-4.05175,999,0
2018-04-05 00:00:00,244,12483,Bank charges,SPEND,-9.38075,999,0
2018-04-05 00:00:00,244,12485,Miscellaneous,SPEND,-312.33075,999,0
2018-04-05 00:00:00,244,12485,Miscellaneous,SPEND,-270.1935,999,0
2018-04-05 00:00:00,244,12485,Miscellaneous,SPEND,-169.8525,999,0
2018-04-05 00:00:00,244,12485,Miscellaneous,SPEND,-110.64825,999,0
2018-04-09 00:00:00,244,12486,Tax,RECEIVE,22.325,999,0
2018-04-09 00:00:00,244,12491,Salaries,SPEND,-103.25,999,0
2018-04-11 00:00:00,244,12485,Miscellaneous,SPEND,-949.62875,999,0
2018-04-11 00:00:00,244,12485,Miscellaneous,SPEND,-167.7145,999,0
2018-04-11 00:00:00,244,12485,Miscellaneous,SPEND,-279.36225,999,0
2018-04-11 00:00:00,244,12484,Miscellaneous,SPEND,-5.78125,999,0
2018-04-11 00:00:00,244,12484,Miscellaneous,SPEND,-4.778,999,0
2018-04-17 00:00:00,244,12482,Miscellaneous,SPEND,-252.089,999,0
2018-04-17 00:00:00,244,12484,Miscellaneous,SPEND,-1581.873,999,0
2018-04-17 00:00:00,244,12490,Miscellaneous,SPEND,-2035.9385,999,0
2018-04-19 00:00:00,244,12491,Salaries,SPEND,-10655.45,999,0
2018-04-19 00:00:00,244,12484,Miscellaneous,SPEND,-1031.01625,999,0
2018-04-19 00:00:00,244,12485,Miscellaneous,SPEND,-281.06575,999,0
2018-04-19 00:00:00,244,12485,Miscellaneous,SPEND,-314.345,999,0
2018-04-19 00:00:00,244,12485,Miscellaneous,SPEND,-153.1935,999,0
2018-04-19 00:00:00,244,12485,Miscellaneous,SPEND,-158.45575,999,0
2018-04-19 00:00:00,244,12485,Miscellaneous,SPEND,-288.14075,999,0
2018-04-19 00:00:00,244,12485,Miscellaneous,SPEND,-283.23975,999,0
2018-04-20 00:00:00,244,12485,Miscellaneous,SPEND,-516.6595,999,0
2018-04-27 00:00:00,244,12485,Miscellaneous,SPEND,-509.724,999,0
2018-04-27 00:00:00,244,12488,Miscellaneous,SPEND,-0.87725,999,0
2018-04-23 00:00:00,244,12486,Tax,RECEIVE,37.225,999,0
2018-04-23 00:00:00,244,12486,Tax,RECEIVE,3.9,999,0
2018-04-23 00:00:00,244,12491,Salaries,SPEND,-1649.5,999,0
2018-04-25 00:00:00,244,12497,Other customer payment,RECEIVE,0.325,999,0
2018-04-25 00:00:00,244,12492,Tax,SPEND,-4672.975,999,0
2018-04-26 00:00:00,244,12489,Miscellaneous,RECEIVE,27.104,999,0
2018-04-26 00:00:00,244,12489,Miscellaneous,RECEIVE,3.54731666666667,999,0
2018-04-26 00:00:00,244,12485,Miscellaneous,RECEIVE,3077.5,999,0
2018-04-26 00:00:00,244,12488,Miscellaneous,SPEND,-1.48225,999,0
2018-04-26 00:00:00,244,12496,Other supplier payment,SPEND,-38.841,999,0
2018-04-30 00:00:00,244,12482,Miscellaneous,SPEND,-125.8285,999,0
2018-04-30 00:00:00,244,12497,Other customer payment,RECEIVE,6,999,0
2018-04-30 00:00:00,244,12497,Other customer payment,RECEIVE,0.1625,999,0
2018-05-02 00:00:00,244,12497,Other customer payment,RECEIVE,27.5,999,0
2018-05-02 00:00:00,244,12485,Miscellaneous,SPEND,-603.4235,999,0
2018-05-02 00:00:00,244,12485,Miscellaneous,SPEND,-557.0875,999,0
2018-05-02 00:00:00,244,12485,Miscellaneous,RECEIVE,2319,999,0
2018-05-02 00:00:00,244,12497,Other customer payment,RECEIVE,55,999,0
2018-05-02 00:00:00,244,12485,Miscellaneous,SPEND,-338.9095,999,0
2018-05-03 00:00:00,244,12497,Other customer payment,RECEIVE,51.25,999,0
2018-05-03 00:00:00,244,12497,Other customer payment,RECEIVE,3.25,999,0
2018-05-03 00:00:00,244,12488,Miscellaneous,SPEND,-2.9645,999,0
2018-05-03 00:00:00,244,12485,Miscellaneous,SPEND,-295.0715,999,0
2018-05-03 00:00:00,244,12497,Other customer payment,RECEIVE,90,999,0
2018-05-03 00:00:00,244,12485,Miscellaneous,SPEND,-570.0465,999,0
2018-05-03 00:00:00,244,12485,Miscellaneous,SPEND,-374.7955,999,0
2018-05-08 00:00:00,244,12485,Miscellaneous,SPEND,-928.1975,999,0
2018-05-08 00:00:00,244,12491,Salaries,SPEND,-260.5,999,0
2018-05-11 00:00:00,244,12498,General expense,SPEND,-106.4385,999,0
2018-05-16 00:00:00,244,12486,Tax,RECEIVE,191.6,999,0
2018-05-17 00:00:00,244,12491,Salaries,SPEND,-16962.122,999,0
2018-05-21 00:00:00,244,12485,Miscellaneous,SPEND,-1203.525,999,0
2018-05-21 00:00:00,244,12485,Miscellaneous,SPEND,-461.3665,999,0
2018-05-21 00:00:00,244,12485,Miscellaneous,SPEND,-801.7225,999,0
2018-05-21 00:00:00,244,12497,Other customer payment,RECEIVE,3.5,999,0
2018-05-21 00:00:00,244,12485,Miscellaneous,SPEND,-422.8545,999,0
2018-05-21 00:00:00,244,12485,Miscellaneous,SPEND,-1084.319,999,0
2018-05-21 00:00:00,244,12497,Other customer payment,RECEIVE,6.5,999,0
2018-05-18 00:00:00,244,12499,General expense,SPEND,-77.5,999,0
2018-05-22 00:00:00,244,12491,Salaries,SPEND,-2900,999,0
2018-05-22 00:00:00,244,12485,Miscellaneous,SPEND,-368.7515,999,0
2018-05-23 00:00:00,244,12485,Miscellaneous,SPEND,-974.206,999,0
2018-05-23 00:00:00,244,12485,Miscellaneous,SPEND,-323.522,999,0
2018-05-23 00:00:00,244,12497,Other customer payment,SPEND,-50.632,999,0
2018-05-24 00:00:00,244,12492,Tax,SPEND,-13256.65,999,0
2018-05-24 00:00:00,244,12496,Other supplier payment,SPEND,-72.982,999,0
2018-05-25 00:00:00,244,12486,Tax,RECEIVE,104,999,0
2018-05-25 00:00:00,244,12486,Tax,RECEIVE,155.5,999,0
2018-05-30 00:00:00,244,12489,Miscellaneous,RECEIVE,532.0975,999,0
2018-05-30 00:00:00,244,12489,Miscellaneous,RECEIVE,271.04,999,0
2018-05-31 00:00:00,244,12482,Miscellaneous,SPEND,-260.0455,999,0
2018-05-31 00:00:00,244,12488,Miscellaneous,SPEND,-2.9645,999,0
2018-06-05 00:00:00,244,12485,Miscellaneous,SPEND,-372.85,999,0
2018-06-05 00:00:00,244,12485,Miscellaneous,SPEND,-3815.9665,999,0
2018-06-06 00:00:00,244,12491,Salaries,SPEND,-175,999,0
2018-06-04 00:00:00,244,12485,Miscellaneous,SPEND,-1315.271,999,0
2018-06-04 00:00:00,244,12485,Miscellaneous,SPEND,-9333.153,999,0
2018-06-11 00:00:00,244,12496,Other supplier payment,SPEND,-0.3795,999,0
2018-06-14 00:00:00,244,12500,Miscellaneous,SPEND,-1.5,999,0
2018-06-14 00:00:00,244,12485,Miscellaneous,SPEND,-470.6345,999,0
2018-06-14 00:00:00,244,12497,Other customer payment,SPEND,-11,999,0
2018-06-18 00:00:00,244,12496,Other supplier payment,SPEND,-5.25,999,0
2018-06-19 00:00:00,244,12485,Miscellaneous,SPEND,-1782.758,999,0
2018-06-19 00:00:00,244,12485,Miscellaneous,SPEND,-2248.5215,999,0
2018-06-19 00:00:00,244,12485,Miscellaneous,SPEND,-435.8645,999,0
2018-06-21 00:00:00,244,12497,Other customer payment,RECEIVE,253.16,999,0
2018-06-21 00:00:00,244,12491,Salaries,SPEND,-18291.619,999,0
2018-06-22 00:00:00,244,12491,Salaries,SPEND,-206.595,999,0
2018-06-22 00:00:00,244,12485,Miscellaneous,SPEND,-4.9875,999,0
2018-06-25 00:00:00,244,12485,Miscellaneous,RECEIVE,24.9375,999,0
2018-06-26 00:00:00,244,12485,Miscellaneous,RECEIVE,5374.7565,999,0
2018-06-26 00:00:00,244,12492,Tax,SPEND,-12252.55,999,0
2018-06-27 00:00:00,244,12489,Miscellaneous,RECEIVE,532.0975,999,0
2018-06-27 00:00:00,244,12489,Miscellaneous,RECEIVE,271.04,999,0
2018-06-27 00:00:00,244,12488,Miscellaneous,SPEND,-2.9645,999,0
2018-06-29 00:00:00,244,12485,Miscellaneous,RECEIVE,5000,999,0
2018-06-29 00:00:00,244,12482,Miscellaneous,SPEND,-4064.157,999,0
2018-06-29 00:00:00,244,12488,Miscellaneous,SPEND,-2.9645,999,0
2018-06-28 00:00:00,244,12488,Miscellaneous,SPEND,-1.7545,999,0
2018-07-02 00:00:00,244,12485,Miscellaneous,OFF_LEDGER,-3060.95,999,1
2018-07-02 00:00:00,244,12484,Miscellaneous,OFF_LEDGER,-11.913,999,1
2018-07-02 00:00:00,244,12485,Miscellaneous,OFF_LEDGER,2676.00625,999,1
2018-07-03 00:00:00,244,12484,Miscellaneous,OFF_LEDGER,3125,999,1
2018-07-03 00:00:00,244,12485,Miscellaneous,OFF_LEDGER,-3.2775,999,1
2018-07-03 00:00:00,244,12482,Miscellaneous,OFF_LEDGER,-504.178,999,1
2018-07-03 00:00:00,244,12485,Miscellaneous,OFF_LEDGER,-533.3915,999,1
2018-07-03 00:00:00,244,12485,Miscellaneous,OFF_LEDGER,-536.9625,999,1
2018-07-04 00:00:00,244,12483,Bank charges,OFF_LEDGER,-8.2015,999,1
2018-07-04 00:00:00,244,12483,Bank charges,OFF_LEDGER,-64.034,999,1
2018-07-04 00:00:00,244,12483,Bank charges,OFF_LEDGER,-87.715,999,1
2018-07-04 00:00:00,244,12483,Bank charges,OFF_LEDGER,-98.2445,999,1
2018-07-04 00:00:00,244,12483,Bank charges,OFF_LEDGER,-2.7085,999,1
2018-07-04 00:00:00,244,12483,Bank charges,OFF_LEDGER,-18.7615,999,1
2018-07-05 00:00:00,244,12485,Miscellaneous,OFF_LEDGER,-523.1585,999,1
2018-07-05 00:00:00,244,12485,Miscellaneous,OFF_LEDGER,-493.5595,999,1
2018-07-05 00:00:00,244,12485,Miscellaneous,OFF_LEDGER,-410.9265,999,1
2018-07-05 00:00:00,244,12485,Miscellaneous,OFF_LEDGER,-1106.8755,999,1
2018-07-05 00:00:00,244,12485,Miscellaneous,OFF_LEDGER,-1063.478,999,1
2018-07-05 00:00:00,244,12485,Miscellaneous,OFF_LEDGER,-239.106,999,1
2018-07-06 00:00:00,244,12490,Miscellaneous,OFF_LEDGER,-0.967,999,1
2018-07-06 00:00:00,244,12491,Salaries,OFF_LEDGER,-11.75,999,1
2018-07-09 00:00:00,244,12485,Miscellaneous,OFF_LEDGER,2324.375,999,1
2018-07-09 00:00:00,244,12491,Salaries,OFF_LEDGER,-275,999,1
2018-07-10 00:00:00,244,12497,Other customer payment,OFF_LEDGER,-8.7225,999,1
2018-07-19 00:00:00,244,12491,Salaries,OFF_LEDGER,-19750,999,1
2018-07-16 00:00:00,244,12485,Miscellaneous,OFF_LEDGER,-2.8915,999,1
2018-07-16 00:00:00,244,12485,Miscellaneous,OFF_LEDGER,-4046.301,999,1
2018-07-25 00:00:00,244,12485,Miscellaneous,OFF_LEDGER,-2790.659,999,1
2018-07-20 00:00:00,244,12485,Miscellaneous,OFF_LEDGER,-55.499,999,1
2018-07-23 00:00:00,244,12485,Miscellaneous,OFF_LEDGER,168.2,999,1
2018-07-17 00:00:00,244,12501,General expense,OFF_LEDGER,-5.344,999,1
2018-07-31 00:00:00,244,12485,Miscellaneous,OFF_LEDGER,-12,999,1
2018-07-31 00:00:00,244,12485,Miscellaneous,OFF_LEDGER,-17.75,999,1
2018-07-31 00:00:00,244,12482,Miscellaneous,OFF_LEDGER,-234.1885,999,1
2018-07-27 00:00:00,244,12502,General expense,OFF_LEDGER,-1.5655,999,1
2018-08-01 00:00:00,244,12485,Miscellaneous,OFF_LEDGER,-5515.284,999,1
2018-08-02 00:00:00,244,12492,Tax,OFF_LEDGER,-11621.05,999,1
2018-08-02 00:00:00,244,12491,Salaries,OFF_LEDGER,-201,999,1
2018-08-03 00:00:00,244,12488,Miscellaneous,OFF_LEDGER,32.5,999,1
2018-08-06 00:00:00,244,12483,Bank charges,OFF_LEDGER,-2.066,999,1
2018-08-07 00:00:00,244,12503,General expense,OFF_LEDGER,-0.9045,999,1
2018-08-08 00:00:00,244,12504,Salaries,OFF_LEDGER,392.475,999,1
2018-08-10 00:00:00,244,12491,Salaries,OFF_LEDGER,-102.251,999,1
2018-08-10 00:00:00,244,12485,Miscellaneous,OFF_LEDGER,-270.5095,999,1
2018-08-14 00:00:00,244,12485,Miscellaneous,OFF_LEDGER,701.295,999,1
2018-08-14 00:00:00,244,12485,Miscellaneous,OFF_LEDGER,4660.0405,999,1
2018-08-16 00:00:00,244,12485,Miscellaneous,OFF_LEDGER,-6.8335,999,1
2018-08-16 00:00:00,244,12491,Salaries,OFF_LEDGER,-20525,999,1
2018-08-22 00:00:00,244,12485,Miscellaneous,OFF_LEDGER,-711.091,999,1
2018-08-30 00:00:00,244,12485,Miscellaneous,OFF_LEDGER,-1673.924,999,1
2018-08-29 00:00:00,244,12488,Miscellaneous,OFF_LEDGER,1.25,999,1
2018-08-21 00:00:00,244,12485,Miscellaneous,OFF_LEDGER,918.8625,999,1
2018-08-20 00:00:00,244,12484,Miscellaneous,OFF_LEDGER,-9.827,999,1
2018-08-31 00:00:00,244,12505,Bank interest,OFF_LEDGER,-234.1885,999,1
2018-08-31 00:00:00,244,12484,Miscellaneous,OFF_LEDGER,15455,999,1
2018-08-31 00:00:00,244,12485,Miscellaneous,OFF_LEDGER,1820.043,999,1
2018-08-31 00:00:00,244,12485,Miscellaneous,OFF_LEDGER,-2473.6295,999,1
2018-08-31 00:00:00,244,12492,Tax,OFF_LEDGER,-11894.85,999,1
2018-09-06 00:00:00,244,12485,Miscellaneous,OFF_LEDGER,-3344.6785,999,1
2018-09-05 00:00:00,244,12504,Salaries,OFF_LEDGER,548.2,999,1
2018-09-05 00:00:00,244,12506,Tax,OFF_LEDGER,105.94,999,1
2018-09-05 00:00:00,244,12490,Miscellaneous,OFF_LEDGER,2138.946,999,1
2018-09-04 00:00:00,244,12485,Miscellaneous,OFF_LEDGER,4295.9015,999,1
2018-09-07 00:00:00,244,12491,Salaries,OFF_LEDGER,-231.5,999,1
2018-09-07 00:00:00,244,12507,Salaries,OFF_LEDGER,-77.8005,999,1
2018-09-07 00:00:00,244,12508,Tax,OFF_LEDGER,-18.25,999,1
2018-09-13 00:00:00,244,12485,Miscellaneous,OFF_LEDGER,271.04,999,1
2018-09-13 00:00:00,244,12485,Miscellaneous,OFF_LEDGER,1170.3725,999,1
2018-09-13 00:00:00,244,12485,Miscellaneous,OFF_LEDGER,271.04,999,1
2018-09-13 00:00:00,244,12485,Miscellaneous,OFF_LEDGER,-118.2165,999,1
2018-09-13 00:00:00,244,12488,Miscellaneous,OFF_LEDGER,-2.9645,999,1
2018-09-13 00:00:00,244,12488,Miscellaneous,OFF_LEDGER,-2.9645,999,1
2018-09-13 00:00:00,244,12485,Miscellaneous,OFF_LEDGER,-1016.193,999,1
2018-09-14 00:00:00,244,12488,Miscellaneous,OFF_LEDGER,-1.7545,999,1
2018-09-14 00:00:00,244,12488,Miscellaneous,OFF_LEDGER,-1.7545,999,1
2018-09-14 00:00:00,244,12488,Miscellaneous,OFF_LEDGER,-1.7545,999,1
2018-09-14 00:00:00,244,12488,Miscellaneous,OFF_LEDGER,-1.7545,999,1
2018-09-14 00:00:00,244,12488,Miscellaneous,OFF_LEDGER,-2.9645,999,1
2018-09-14 00:00:00,244,12488,Miscellaneous,OFF_LEDGER,-1.815,999,1
2018-09-14 00:00:00,244,12488,Miscellaneous,OFF_LEDGER,-1.815,999,1
2018-09-17 00:00:00,244,12490,Miscellaneous,OFF_LEDGER,-3231.923,999,1
2018-09-17 00:00:00,244,12484,Miscellaneous,OFF_LEDGER,-4794.2195,999,1
2018-09-18 00:00:00,244,12488,Miscellaneous,OFF_LEDGER,-2.9645,999,1
2018-09-18 00:00:00,244,12488,Miscellaneous,OFF_LEDGER,-2.9645,999,1
2018-09-18 00:00:00,244,12491,Salaries,OFF_LEDGER,-20650,999,1
2018-09-18 00:00:00,244,12485,Miscellaneous,OFF_LEDGER,-4070.045,999,1
2018-09-19 00:00:00,244,12484,Miscellaneous,OFF_LEDGER,-10.4,999,1
2018-09-24 00:00:00,244,12507,Salaries,OFF_LEDGER,-33.05,999,1
2018-09-24 00:00:00,244,12483,Bank charges,OFF_LEDGER,-5.25,999,1
2018-09-26 00:00:00,244,12485,Miscellaneous,OFF_LEDGER,-1275.7775,999,1
2018-09-26 00:00:00,244,12484,Miscellaneous,OFF_LEDGER,-6.879,999,1
2018-09-27 00:00:00,244,12509,General expense,OFF_LEDGER,13.565,999,1
2018-09-28 00:00:00,244,12482,Miscellaneous,OFF_LEDGER,-3812.5,999,1
2018-09-28 00:00:00,244,12505,Bank interest,OFF_LEDGER,-226.634,999,1
2018-09-28 00:00:00,244,12490,Miscellaneous,OFF_LEDGER,0.845,999,1
